184.7,176.2,
170.3,176.2,
170.1,176.2,
170.0,176.2,
198.7,178.2,
170.0,182.3,
169.9,182.3,
198.6,186.4,
198.7,184.3,
170.0,186.4,
198.7,188.5,
184.4,186.4,
184.4,182.3,
184.4,186.4,
184.4,184.4,
170.0,180.3,
198.7,180.2,
184.4,182.3,
155.6,180.2,
184.1,182.2,
198.6,182.2,
169.9,180.1,
184.1,186.2,
198.6,186.3,
169.9,184.2,
198.6,188.3,
184.3,192.5,
184.3,190.5,
198.7,194.7,
213.3,192.8,
184.7,194.9,
199.1,195.0,
184.9,193.0,
199.3,186.9,
185.0,184.9,
185.0,180.8,
170.6,180.7,
170.4,174.5,
170.3,172.3,
184.6,170.2,
155.7,170.0,
169.9,174.0,
169.7,176.0,
169.6,175.9,
198.3,184.0,
184.0,188.2,
184.0,192.3,
212.9,196.5,
198.7,190.5,
198.9,194.7,
199.0,194.8,
155.9,190.7,
213.3,186.7,
184.7,184.6,
184.7,180.5,
170.3,186.7,
184.6,180.5,
170.1,182.5,
198.9,182.5,
170.1,184.5,
198.9,182.5,
184.6,186.6,
184.6,186.6,
170.1,186.6,
198.9,184.6,
199.0,184.6,
170.3,186.6,
184.6,190.8,
184.6,188.8,
199.0,186.8,
199.1,190.9,
184.9,191.0,
184.9,191.0,
199.3,189.0,
185.0,184.9,
185.0,182.9,
185.0,178.7,
170.6,174.6,
170.4,172.4,
155.9,170.2,
170.0,168.0,
169.9,169.9,
169.7,173.9,
169.6,180.0,
183.9,182.0,
198.3,184.0,
198.4,186.1,
184.1,188.2,
184.1,188.2,
184.1,184.1,
184.1,182.1,
184.1,184.1,
169.7,184.1,
184.0,184.1,
198.4,184.1,
184.1,186.2,
184.1,190.3,
184.1,190.4,
198.6,188.4,
198.7,190.5,
184.4,192.6,
184.4,192.7,
198.9,188.6,
199.0,186.6,
184.7,188.7,
170.3,186.7,
184.6,180.5,
199.0,178.4,
170.3,178.3,
155.7,178.3,
184.3,174.1,
184.3,169.9,
169.9,173.9,
155.3,182.0,
169.4,179.9,
198.1,181.9,
212.7,186.0,
169.7,194.3,
198.4,198.5,
198.6,196.6,
213.1,190.6,
199.0,192.7,
184.7,190.7,
170.3,186.6,
184.6,180.5,
184.6,176.3,
170.1,174.2,
170.0,176.1,
169.9,176.0,
169.7,171.8,
184.0,175.8,
184.0,177.8,
155.1,179.8,
198.1,181.8,
183.9,181.8,
183.9,183.9,
183.9,192.1,
183.9,190.1,
198.3,190.2,
212.9,192.3,
184.3,192.4,
184.3,194.5,
198.7,192.6,
184.4,186.5,
198.9,186.5,
184.6,186.5,
170.1,182.4,
184.4,180.3,
184.4,176.2,
170.0,176.1,
169.9,178.1,
169.7,178.0,
184.0,177.9,
184.0,179.9,
184.0,186.1,
184.0,190.2,
184.0,188.2,
212.9,188.3,
198.7,188.3,
170.0,190.4,
184.3,190.5,
184.3,184.3,
198.7,178.2,
184.4,182.2,
170.0,182.2,
155.4,182.2,
198.4,178.0,
184.1,178.0,
184.1,180.0,
169.7,186.1,
184.0,182.0,
184.0,182.0,
198.4,184.0,
169.7,186.1,
184.0,188.2,
198.4,186.2,
184.1,184.1,
198.6,186.2,
169.9,184.1,
184.1,180.0,
184.1,177.9,
169.7,173.7,
169.6,177.8,
169.4,177.7,
169.3,179.7,
198.0,183.8,
183.7,183.8,
198.1,185.8,
198.3,187.9,
169.6,188.0,
183.9,190.1,
183.9,186.0,
198.3,181.9,
198.4,183.9,
169.7,186.0,
169.6,186.0,
183.9,181.9,
198.3,179.8,
184.0,181.9,
169.6,186.0,
183.9,188.0,
183.9,184.0,
198.3,181.9,
198.4,183.9,
169.7,181.9,
169.6,181.9,
183.9,177.7,
169.4,173.5,
183.7,177.6,
169.3,179.6,
169.1,179.5,
197.9,181.5,
183.6,181.5,
183.6,185.6,
183.6,187.7,
183.6,185.7,
198.0,187.8,
183.7,187.8,
183.7,185.8,
198.1,183.7,
183.9,181.7,
169.4,185.8,
169.3,185.8,
183.6,185.8,
212.4,185.8,
183.9,190.0,
198.3,194.2,
184.0,194.3,
198.4,186.1,
198.6,186.1,
184.3,184.1,
155.4,184.1,
184.0,180.0,
184.0,177.9,
184.0,177.8,
169.6,186.0,
183.9,184.0,
183.9,179.8,
212.7,179.8,
169.7,183.9,
155.1,183.9,
183.7,183.9,
198.1,179.8,
183.9,183.8,
183.9,188.0,
183.9,190.1,
198.3,188.1,
184.0,188.1,
198.4,188.1,
184.1,186.1,
184.1,184.1,
184.1,186.1,
169.7,182.0,
184.0,180.0,
198.4,179.9,
169.7,179.9,
169.6,179.8,
183.9,179.8,
183.9,179.8,
169.4,179.7,
183.7,181.7,
198.1,181.7,
169.4,181.7,
183.7,185.8,
183.7,187.9,
183.7,183.8,
198.1,187.9,
198.3,192.1,
169.6,192.2,
198.3,192.2,
212.9,188.2,
184.3,182.1,
184.3,184.1,
169.9,182.0,
155.3,175.8,
183.9,175.8,
183.9,175.7,
169.4,181.8,
183.7,187.9,
183.7,185.9,
212.6,185.9,
198.4,188.0,
169.7,188.1,
184.0,188.1,
184.0,182.0,
184.0,177.8,
184.0,183.9,
169.6,183.9,
169.4,183.9,
212.6,183.9,
184.0,183.9,
184.0,186.0,
184.0,190.1,
184.0,182.0,
184.0,181.9,
198.4,181.9,
155.3,179.8,
183.9,179.8,
183.9,179.8,
169.4,177.7,
183.7,183.8,
183.7,185.8,
183.7,185.9,
198.1,187.9,
198.3,188.0,
184.0,188.0,
184.0,188.1,
184.0,186.0,
184.0,181.9,
184.0,181.9,
184.0,184.0,
169.6,184.0,
183.9,184.0,
198.3,184.0,
184.0,184.0,
184.0,186.0,
184.0,184.0,
184.0,179.9,
184.0,179.8,
169.6,177.7,
169.4,175.6,
183.7,175.5,
169.3,175.4,
169.1,179.5,
183.4,185.6,
183.4,183.6,
197.9,187.7,
212.4,191.9,
169.4,191.9,
198.1,192.0,
198.3,190.0,
184.0,181.9,
184.0,183.9,
184.0,179.8,
155.1,175.6,
183.7,175.5,
169.3,177.5,
169.1,177.4,
183.4,183.6,
197.9,185.6,
183.6,189.8,
198.0,194.0,
198.1,194.1,
198.3,190.0,
198.4,190.1,
184.1,188.1,
169.7,186.1,
184.0,184.0,
184.0,182.0,
184.0,182.0,
184.0,181.9,
184.0,179.9,
184.0,177.8,
169.6,177.7,
169.4,177.6,
169.3,177.6,
183.6,177.5,
183.6,181.6,
183.6,183.6,
183.6,187.7,
198.0,187.8,
183.7,185.8,
198.1,185.8,
183.9,185.8,
169.4,185.8,
183.7,185.8,
183.7,183.8,
198.1,181.7,
183.9,183.8,
183.9,183.8,
169.4,181.7,
183.7,177.6,
183.7,179.6,
169.3,177.5,
169.1,179.5,
197.9,179.4,
169.1,179.4,
183.4,183.5,
183.4,185.5,
183.4,181.4,
197.9,185.5,
183.6,185.6,
169.1,185.6,
197.9,183.5,
183.6,181.5,
183.6,179.4,
169.1,183.5,
183.4,179.3,
169.0,181.4,
197.7,181.3,
169.0,185.4,
197.7,183.4,
183.4,185.5,
197.9,183.4,
169.1,185.5,
183.4,181.4,
183.4,181.4,
183.4,179.3,
169.0,183.4,
183.3,185.4,
183.3,185.4,
197.7,187.5,
197.9,191.7,
183.6,195.9,
198.0,196.0,
198.1,192.0,
212.7,190.0,
184.1,188.0,
169.7,186.0,
184.0,184.0,
169.6,177.8,
183.9,177.7,
183.9,181.8,
169.4,181.8,
183.7,183.8,
198.1,183.8,
183.9,181.8,
183.9,183.8,
183.9,183.8,
169.4,181.7,
183.7,183.8,
183.7,185.8,
183.7,185.9,
198.1,190.0,
198.3,192.1,
184.0,192.2,
198.4,194.3,
198.6,192.4,
184.3,190.4,
198.7,188.4,
184.4,188.4,
184.4,186.4,
170.0,186.4,
198.7,182.3,
184.4,180.3,
184.4,182.3,
170.0,188.4,
169.9,188.5,
198.6,188.5,
213.1,190.6,
199.0,192.8,
184.7,197.0,
199.1,195.0,
184.9,191.0,
199.3,184.9,
185.0,184.9,
185.0,180.8,
156.1,180.7,
184.7,178.6,
170.3,180.6,
184.6,180.6,
184.6,186.7,
199.0,186.7,
184.7,190.9,
199.1,193.0,
184.9,193.1,
199.3,189.0,
199.4,187.0,
185.1,187.0,
170.7,187.1,
170.6,187.1,
199.3,185.0,
185.0,185.0,
199.4,187.1,
185.1,193.3,
185.1,189.3,
185.1,191.4,
214.0,189.4,
171.0,191.5,
199.7,193.6,
185.4,195.7,
199.9,191.7,
200.0,195.9,
200.1,193.9,
185.9,194.0,
200.3,192.0,
186.0,190.0,
186.0,186.0,
186.0,186.0,
186.0,183.9,
171.6,181.8,
185.9,181.8,
185.9,181.7,
171.4,181.7,
185.7,185.8,
185.7,185.8,
185.7,187.8,
200.1,192.0,
185.9,192.0,
200.3,192.1,
200.4,192.2,
186.1,190.2,
186.1,194.3,
186.1,192.3,
186.1,192.4,
215.0,194.5,
186.4,196.7,
200.9,200.9,
201.0,201.0,
201.1,195.0,
215.7,195.1,
187.1,191.0,
172.7,191.1,
187.0,189.1,
172.6,182.9,
201.3,187.0,
187.0,191.1,
172.6,191.1,
215.7,195.3,
201.6,193.3,
187.3,193.4,
201.7,197.6,
187.4,193.6,
187.4,191.6,
201.9,193.7,
187.6,193.7,
187.6,191.7,
202.0,193.8,
202.1,191.8,
173.4,191.9,
202.1,194.0,
187.9,194.0,
187.9,194.1,
202.3,198.3,
202.4,198.4,
202.6,200.5,
202.7,202.7,
202.9,200.8,
203.0,198.9,
203.1,196.9,
188.9,197.0,
188.9,192.9,
188.9,188.9,
203.3,184.7,
174.6,184.7,
174.4,186.7,
174.3,184.6,
188.6,184.6,
203.0,188.7,
174.3,194.9,
203.0,201.1,
203.1,201.2,
217.7,195.2,
218.0,199.3,
189.4,195.3,
160.6,195.4,
203.6,191.3,
174.9,185.2,
203.6,187.2,
189.3,195.4,
174.9,195.5,
203.6,199.7,
218.1,199.8,
204.0,201.9,
204.1,208.2,
204.3,208.4,
204.4,206.5,
219.0,204.6,
204.9,204.8,
205.0,202.9,
190.7,198.9,
205.1,196.9,
190.9,194.9,
176.4,192.9,
205.1,194.9,
190.9,195.0,
190.9,197.1,
205.3,203.3,
205.4,201.4,
205.6,205.6,
220.1,207.8,
191.6,205.9,
220.4,204.0,
206.3,202.1,
192.0,200.1,
192.0,200.2,
192.0,194.1,
206.4,192.0,
192.1,196.2,
177.7,198.3,
192.0,198.3,
220.9,196.3,
206.7,198.4,
192.4,202.6,
192.4,206.8,
206.9,200.8,
207.0,200.9,
221.6,203.0,
178.6,205.2,
207.3,203.2,
207.4,203.3,
207.6,197.3,
193.3,203.5,
207.7,201.5,
179.0,203.7,
222.1,201.7,
193.6,203.9,
222.4,201.9,
193.9,206.1,
208.3,204.2,
194.0,204.3,
208.4,200.2,
208.6,202.4,
194.3,202.4,
194.3,204.6,
208.7,204.7,
208.9,204.8,
209.0,209.0,
209.1,211.2,
209.3,211.4,
223.9,211.6,
209.7,211.7,
209.9,211.9,
210.0,210.0,
210.1,206.0,
210.3,206.1,
196.0,206.2,
196.0,204.2,
210.4,204.3,
210.6,204.4,
196.3,204.5,
210.7,206.6,
210.9,206.7,
196.6,206.8,
211.0,211.1,
211.1,211.2,
211.3,211.3,
225.9,215.6,
211.7,217.9,
211.9,218.1,
226.4,220.3,
226.7,216.4,
212.6,216.6,
227.1,214.7,
198.6,212.8,
213.0,210.9,
198.7,209.0,
213.1,200.8,
213.3,205.0,
199.0,207.1,
170.1,211.3,
227.6,211.4,
227.9,209.5,
228.1,211.7,
214.0,220.0,
199.7,216.1,
214.1,210.1,
228.7,208.1,
200.1,212.3,
185.7,216.6,
214.4,218.8,
243.4,219.0,
229.4,225.3,
229.7,231.8,
230.0,234.1,
244.7,228.3,
230.7,226.5,
231.0,222.6,
202.4,220.8,
216.9,214.8,
202.6,212.8,
217.0,210.9,
202.7,213.0,
217.1,213.1,
217.3,219.4,
217.4,221.6,
217.6,225.9,
246.6,226.1,
232.6,226.4,
232.9,228.7,
218.7,231.0,
218.9,229.2,
233.4,227.3,
233.7,225.5,
234.0,227.8,
219.9,228.0,
220.0,224.1,
234.6,222.2,
220.4,216.2,
206.1,216.3,
220.6,218.5,
191.9,218.6,
220.6,220.8,
235.1,227.1,
235.4,227.3,
235.7,233.7,
250.4,236.0,
222.0,234.2,
236.6,232.4,
236.9,232.7,
222.7,228.8,
222.9,231.1,
237.4,233.4,
223.3,231.6,
237.9,233.8,
252.6,236.1,
224.1,234.3,
238.7,236.7,
239.0,236.9,
224.9,235.1,
239.4,237.4,
239.7,235.6,
240.0,235.9,
240.3,238.2,
226.1,236.4,
240.7,234.6,
241.0,232.7,
226.9,232.9,
227.0,235.2,
227.1,233.4,
241.7,231.5,
242.0,233.8,
227.9,238.1,
228.0,240.4,
242.6,240.7,
257.3,240.9,
243.3,243.2,
243.6,247.7,
243.9,250.0,
244.1,246.3,
258.9,248.6,
259.3,249.0,
230.9,251.3,
259.9,253.8,
245.9,250.0,
260.6,248.3,
261.0,252.7,
232.6,246.9,
247.1,247.1,
261.9,243.3,
219.0,241.5,
247.9,245.8,
233.7,246.1,
248.3,244.3,
263.0,252.8,
249.0,255.2,
249.3,257.6,
278.4,260.0,
264.6,258.3,
250.6,258.7,
265.3,261.1,
251.3,255.3,
251.6,253.6,
266.3,258.0,
237.9,258.4,
252.4,260.8,
281.6,263.2,
267.7,261.6,
268.1,266.0,
268.6,266.4,
254.6,262.7,
269.3,263.1,
255.3,263.5,
255.6,263.8,
270.3,266.3,
270.7,266.7,
271.1,269.1,
271.6,271.6,
272.0,272.0,
272.4,272.4,
272.9,272.9,
273.3,275.3,
273.7,275.8,
274.1,278.3,
289.0,280.8,
275.1,279.3,
290.0,279.7,
290.6,278.1,
262.3,274.5,
277.0,274.9,
263.0,275.3,
263.3,275.7,
278.0,278.2,
292.9,280.7,
293.4,285.2,
279.6,289.8,
294.4,294.5,
295.0,295.1,
295.6,293.6,
310.6,294.1,
296.9,292.6,
283.0,291.1,
283.4,291.6,
283.9,285.9,
284.3,284.3,
299.1,284.7,
270.9,289.3,
285.6,293.9,
286.0,298.5,
315.3,299.1,
316.0,307.9,
316.7,308.5,
303.0,311.2,
332.4,309.8,
290.0,308.3,
304.9,304.8,
305.4,305.4,
306.0,299.8,
292.1,302.4,
307.0,302.9,
293.1,303.4,
308.0,304.0,
308.6,308.6,
309.1,309.2,
309.7,311.8,
324.7,314.5,
311.0,315.1,
311.6,317.8,
326.6,316.3,
312.9,314.9,
327.9,315.5,
299.7,318.1,
314.6,318.7,
315.1,321.4,
330.1,317.9,
330.9,324.7,
331.6,329.5,
303.4,332.2,
347.1,330.9,
348.0,329.5,
334.4,330.2,
320.7,337.0,
321.3,335.7,
336.3,332.3,
351.4,333.0,
337.9,337.8,
324.1,340.6,
339.1,341.3,
354.3,340.0,
340.7,338.6,
341.4,341.4,
342.1,344.1,
328.4,342.8,
343.4,347.7,
358.6,352.5,
345.0,355.4,
374.6,360.3,
375.6,363.2,
362.1,360.0,
363.0,362.9,
363.9,359.6,
335.9,354.3,
365.3,353.0,
351.7,351.6,
338.0,352.3,
353.0,359.2,
353.7,360.0,
368.9,360.8,
384.1,367.8,
370.7,368.6,
357.1,375.6,
386.7,376.5,
358.9,375.3,
402.9,376.2,
375.1,379.2,
376.0,378.0,
376.9,383.0,
377.7,377.7,
378.6,378.6,
393.9,379.4,
366.0,382.4,
381.1,385.3,
382.0,386.2,
397.3,387.1,
398.3,394.2,
384.9,397.2,
400.1,400.2,
415.6,401.2,
402.3,404.3,
403.3,407.4,
404.3,408.4,
419.7,407.4,
406.4,410.5,
407.4,409.5,
408.4,408.4,
423.9,405.3,
396.1,404.2,
397.0,405.1,
397.9,404.0,
398.7,400.8,
414.0,403.8,
400.6,406.7,
401.4,409.7,
416.7,414.8,
417.7,415.7,
418.7,418.8,
434.1,421.8,
420.9,427.0,
421.9,426.0,
422.9,427.0,
452.7,428.1,
410.7,429.1,
426.0,430.1,
441.4,433.2,
428.1,430.2,
429.1,437.4,
444.6,440.5,
431.3,439.6,
461.1,442.7,
448.0,445.9,
434.7,449.1,
450.1,452.3,
451.3,451.4,
466.9,452.5,
453.7,457.8,
454.9,461.0,
456.0,462.2,
471.6,459.3,
472.9,460.5,
459.7,461.6,
446.4,464.9,
461.9,464.0,
463.0,463.1,
478.6,466.3,
465.4,471.6,
466.6,472.8,
482.1,476.0,
483.4,475.2,
470.3,478.5,
485.9,481.8,
472.7,483.0,
488.3,482.2,
489.6,485.5,
490.9,484.7,
477.7,487.9,
493.3,487.1,
480.1,486.3,
495.7,485.4,
482.6,488.7,
483.7,489.9,
484.9,495.2,
500.4,496.4,
501.7,499.8,
517.4,503.1,
504.4,508.5,
505.7,511.9,
507.0,511.2,
522.7,508.4,
524.1,509.7,
496.7,510.9,
497.9,514.3,
513.4,511.5,
514.7,510.7,
530.4,516.0,
503.0,521.4,
518.6,524.8,
534.3,526.2,
535.7,521.3,
537.1,524.7,
524.1,521.9,
496.6,521.1,
526.4,518.2,
498.9,515.3,
528.7,514.4,
515.6,523.8,
516.7,525.0,
517.9,528.3,
562.3,527.5,
535.0,530.8,
521.9,532.0,
523.0,533.2,
538.6,526.2,
525.4,523.3,
526.6,526.5,
513.3,527.6,
514.3,524.6,
544.1,523.7,
531.0,524.8,
517.7,525.8,
518.7,529.0,
534.1,528.0,
520.9,529.1,
536.3,530.2,
537.4,531.3,
538.6,528.2,
525.3,527.2,
526.3,524.1,
512.9,521.0,
513.7,513.7,
514.6,512.4,
515.4,509.2,
487.4,512.0,
516.9,512.8,
503.3,513.7,
532.9,514.5,
519.4,519.4,
520.3,516.1,
521.1,517.0,
522.0,511.6,
494.0,506.2,
509.0,496.6,
495.3,486.8,
481.4,481.1,
453.0,479.5,
453.1,473.7,
482.1,472.0,
482.6,472.3,
468.6,483.0,
483.3,485.5,
483.7,481.8,
527.4,480.1,
470.6,480.5,
456.4,470.6,
471.0,462.7,
471.3,446.4,
413.9,442.3,
428.0,438.2,
413.4,427.8,
442.0,417.4,
427.6,419.2,
398.6,416.9,
398.1,412.5,
426.6,406.1,
412.0,401.6,
382.9,401.2,
396.7,400.8,
396.3,394.2,
395.9,389.7,
395.4,391.2,
380.6,386.7,
380.0,380.0,
393.9,375.3,
364.6,368.5,
349.4,361.6,
363.0,356.8,
347.9,347.7,
332.6,342.8,
346.0,339.8,
330.7,332.7,
329.7,327.6,
328.7,324.5,
313.3,317.3,
312.1,310.0,
311.0,304.7,
295.4,299.4,
279.7,294.0,
292.7,286.6,
291.4,279.0,
275.7,271.4,
259.9,270.0,
258.3,260.2,
242.3,250.4,
269.4,242.6,
224.7,236.8,
222.9,233.0,
221.0,231.3,
219.1,219.2,
231.7,217.3,
230.0,213.4,
185.0,209.5,
211.7,205.5,
195.4,199.5,
193.4,191.3,
191.4,191.4,
189.4,183.2,
173.0,177.0,
185.3,174.9,
154.4,168.7,
152.1,158.3,
178.7,154.0,
147.9,145.6,
116.7,141.2,
143.0,136.8,
126.3,122.1,
123.9,115.5,
121.4,113.0,
75.7,104.3,
101.7,99.7,,
99.1,93.0,,
82.1,88.3,,
93.9,91.8,,
76.9,85.1,,
88.6,78.3,,
100.4,75.7,,
54.7,68.9,,
51.9,62.0,,
63.4,55.2,,
46.3,44.1,,
29.0,41.2,,
40.4,38.4,,
23.1,29.3,,
34.6,22.2,,
31.7,19.3,,
0.0,16.3,,,,
-3.1,9.2,,,
8.1,2.0,,,,,
19.6,-1.0,,
-26.6,-2.0,,
-15.4,-5.1,,
10.3,-4.0,,
-7.0,-13.2,
-24.4,-12.1,
15.7,-11.0,
-44.7,-16.0,
-19.1,-23.2,
-7.7,-22.1,
-25.0,-29.2,
-56.9,-28.1,
-16.9,-31.1,
-34.1,-32.1,
-37.1,-37.1,
-40.1,-31.9,
-14.3,-32.7,
-60.3,-33.6,
-20.1,-36.4,
-22.9,-37.2,
-40.0,-42.2,
-57.3,-38.9,
-45.9,-43.7,
-48.7,-48.6,
-37.1,-51.5,
-54.3,-50.2,
-57.1,-51.0,
-60.0,-53.8,
-48.4,-56.6,
-51.1,-55.2,
-68.3,-58.0,
-56.7,-58.7,
-45.0,-59.4,
-76.4,-62.1,
-64.9,-62.7,
-53.1,-67.5,
-70.1,-72.3,
-72.9,-72.9,
-90.0,-75.7,
-78.4,-82.5,
-81.1,-79.1,
-83.9,-77.6,
-101.0,-74,
-46.1,-74.6,
-62.9,-71.0,
-65.3,-69.4,
-82.1,-63.6,
-55.9,-70.1,
-72.6,-76.7,
-60.6,-81.2,
-91.7,-77.5,
-108.7,-82,
-97.0,-82.4,
-56.3,-84.8,
-87.3,-81.1,
-75.3,-73.1,
-77.6,-67.2,
-65.4,-69.3,
-53.1,-67.4,
-55.1,-67.5,
-71.6,-63.4,
-73.7,-65.5,
-75.9,-69.6,
-49.1,-71.7,
-79.9,-73.8,
-82.0,-73.8,
-69.7,-73.8,
-86.1,-77.9,
-73.9,-75.8,
-75.9,-71.7,
-77.9,-69.5,
-65.4,-65.2,
-52.9,-63.0,
-54.6,-60.7,
-56.3,-58.3,
-58.0,-58.0,
-59.7,-61.8,
-61.4,-67.6,
-63.1,-67.3,
-79.3,-65.0,
-95.6,-62.6,
-54.3,-60.1,
-41.4,-57.6,
-42.9,-53.0,
-44.3,-40.1,
-45.7,-37.4,
-47.1,-38.8,
-5.3,-40.1,
-35.1,-39.4,
-50.9,-38.7,
-52.3,-33.8,
-39.3,-39.1,
-40.6,-40.4,
-13.0,-37.6,
-42.9,-30.6,
-44.1,-27.6,
-31.0,-24.6,
-3.3,-27.8,
-18.6,-26.8,
-19.6,-23.8,
-35.0,-22.8,
-36.1,-27.9,
-22.9,-31.0,
-23.9,-32.1,
-39.3,-31.1,
-40.4,-28.1,
-27.1,-27.0,
-28.1,-26.0,
-14.7,-22.8,
-15.6,-19.6,
-16.4,-18.5,
-17.3,-19.3,
-18.1,-18.2,
-19.0,-21.1,
-34.3,-22.0,
-6.4,-22.8,
-36.0,-21.7,
-22.6,-20.4,
-23.4,-15.1,
-9.9,-17.9,
-10.6,-16.7,
3.1,-15.4,,,
-26.3,-16.1,
-27.1,-19.0,
-13.6,-21.8,
-28.7,-24.7,
-29.6,-23.4,
-30.4,-18.0,
-16.9,-18.8,
-17.6,-17.4,
10.6,-14.0,
-18.7,-10.6,
-19.4,-11.2,
-5.7,-7.7,,
-6.3,-12.4,
-21.3,-11.0,
6.9,-7.5,,,,
-22.4,-8.1,,
-8.7,-4.5,,
5.1,1.1,,,,,
-9.7,-3.4,,
18.6,2.2,,,
18.3,3.8,,,
-25.3,3.4,,,
17.3,5.0,,,
2.6,2.6,,,,,
2.1,-2.0,,,,
1.7,3.7,,,,,
1.3,1.3,,,,,
-13.6,0.8,,,
14.7,-1.7,,
0.0,-2.1,,,,
-0.4,-6.7,,
-15.3,-3.0,,
-1.4,-7.6,,
-30.7,-10.2,
11.9,-10.7,
-17.3,-5.0,,
-17.9,-3.4,,
-4.0,2.4,,,
24.4,-2.1,,
9.9,3.7,,,,,
9.6,7.4,,,,,
-19.6,9.2,,,
23.1,6.8,,,
8.6,4.5,,,,,
8.3,4.1,,,,,
8.0,5.9,,,,,
-6.7,3.5,,,
7.3,3.2,,,,,
-7.4,2.9,,,
6.6,2.5,,,,,
6.3,4.3,,,,,
6.0,6.0,,,,,
5.7,11.9,,,,
5.4,11.7,,,,
19.6,11.5,,
33.9,11.2,,
5.0,13.1,,,,
4.7,14.9,,,,
4.4,10.6,,,,
18.6,8.3,,,
18.4,8.1,,,
-10.6,9.9,,,
17.9,11.8,,
3.3,9.5,,,,,
17.4,7.2,,,
17.3,9.0,,,
2.7,8.8,,,,,
2.4,10.6,,,,
2.1,10.4,,,,
16.3,10.2,,
16.1,12.1,,
16.0,14.0,,
15.9,15.9,,
15.7,13.7,,
15.6,11.4,,
15.4,11.2,,
0.9,11.1,,,,
0.6,8.8,,,,,
14.7,8.6,,,
14.6,14.6,,
0.0,18.6,,,,
14.1,20.5,,
57.3,20.4,,
28.7,20.4,,
14.3,24.4,,
14.1,28.5,,
14.0,18.2,,
28.3,11.9,,
42.7,15.9,,
-14.9,17.8,,
-15.3,17.7,,
42.0,15.5,,
27.7,11.3,,
13.3,19.4,,
13.1,25.5,,
13.0,21.3,,
41.7,19.2,,
27.4,21.2,,
13.0,25.2,,
12.9,23.2,,
27.1,19.0,,
41.6,21.0,,
-1.6,23.0,,
12.6,25.0,,
41.3,25.0,,
27.0,18.8,,
27.0,24.9,,
27.0,24.9,,
-1.9,22.8,,
41.1,24.8,,
12.4,24.8,,
26.7,24.8,,
41.1,30.9,,
26.9,26.8,,
26.9,31.0,,
41.3,28.9,,
12.6,24.8,,
41.3,24.8,,
12.6,22.7,,
12.4,20.6,,
26.7,24.7,,
12.3,22.6,,
26.6,24.6,,
41.0,26.7,,
26.7,26.7,,
26.7,30.8,,
26.7,30.8,,
26.7,28.8,,
41.1,28.8,,
26.9,30.9,,
26.9,31.0,,
26.9,33.1,,
41.3,31.1,,
27.0,33.2,,
41.4,33.2,,
27.1,35.3,,
41.6,35.4,,
27.3,35.5,,
41.7,31.5,,
41.9,33.6,,
27.6,29.5,,
13.1,29.5,,
41.9,27.5,,
13.1,25.4,,
27.4,27.5,,
27.4,31.6,,
27.4,29.6,,
41.9,33.7,,
42.0,35.8,,
27.7,33.9,,
42.1,31.9,,
42.3,31.9,,
13.6,27.8,,
13.4,25.8,,
42.1,25.7,,
13.4,25.7,,
13.3,29.8,,
42.0,36.0,,
42.1,34.0,,
42.3,42.3,,
56.9,48.7,,
28.3,44.8,,
71.6,44.9,,
57.6,45.1,,
14.6,41.1,,
43.3,43.3,,
43.4,37.3,,
29.1,35.3,,
43.6,41.5,,
29.3,37.5,,
43.7,35.6,,
58.3,39.7,,
15.3,37.8,,
29.6,37.9,,
58.4,37.9,,
29.9,38.0,,
29.9,44.3,,
44.3,48.6,,
58.9,44.6,,
59.1,46.8,,
59.4,49.0,,
30.9,51.3,,
45.3,45.3,,
45.4,41.3,,
60.0,39.4,,
17.0,43.6,,
31.3,45.8,,
45.7,45.9,,
60.3,39.9,,
60.6,42.0,,
46.4,44.2,,
17.7,42.2,,
32.0,38.2,,
46.4,36.2,,
32.1,38.3,,
32.1,44.6,,
46.6,48.8,,
61.1,51.0,,
61.4,55.3,,
61.7,55.6,,
62.0,55.8,,
62.3,53.9,,
33.7,50.0,,
48.1,50.2,,
48.3,50.3,,
34.0,48.4,,
62.9,52.7,,
63.1,52.9,,
49.0,51.0,,
63.6,53.2,,
49.4,49.3,,
35.1,45.3,,
49.6,45.4,,
35.3,45.5,,
35.3,43.6,,
49.7,45.7,,
64.3,47.9,,
35.7,52.1,,
50.1,54.3,,
64.7,54.5,,
65.0,52.7,,
50.9,54.9,,
51.0,57.1,,
51.1,55.3,,
51.3,55.4,,
65.9,57.7,,
51.7,57.9,,
66.3,58.1,,
66.6,60.4,,
52.4,58.5,,
52.6,60.8,,
67.1,56.9,,
53.0,55.0,,
67.6,57.2,,
39.0,59.5,,
53.4,57.6,,
68.0,59.9,,
68.3,58.0,,
54.1,62.3,,
68.7,62.6,,
54.6,60.7,,
69.1,56.8,,
55.0,57.0,,
55.1,55.1,,
40.9,57.3,,
55.3,55.4,,
55.4,55.5,,
70.0,57.7,,
55.9,59.9,,
56.0,60.1,,
70.6,60.3,,
56.4,56.4,,
56.6,56.5,,
56.7,58.7,,
42.4,56.8,,
56.9,61.1,,
71.4,63.3,,
57.3,67.7,,
86.3,72.0,,
72.3,74.4,,
87.0,72.6,,
73.0,72.9,,
73.3,69.1,,
59.1,69.3,,
59.3,61.3,,
59.4,59.4,,
74.0,57.5,,
31.0,57.6,,
59.7,59.8,,
59.9,59.9,,
60.0,58.0,,
74.6,64.3,,
60.4,66.6,,
60.6,66.8,,
75.1,69.0,,
75.4,67.2,,
61.3,67.4,,
75.9,69.7,,
61.7,67.8,,
61.9,63.9,,
76.4,68.2,,
62.3,66.3,,
48.0,66.5,,
91.3,68.8,,
62.9,66.9,,
63.0,69.2,,
77.6,73.5,,
63.4,69.6,,
78.0,71.9,,
78.3,74.2,,
64.1,72.3,,
78.7,70.5,,
79.0,68.7,,
64.9,68.8,,
50.6,67.0,,
65.0,65.1,,
79.6,63.1,,
51.0,65.3,,
65.4,71.7,,
65.6,73.9,,
80.1,74.1,,
94.9,80.6,,
80.9,85.0,,
81.1,87.3,,
95.9,85.6,,
96.3,81.8,,
82.3,82.1,,
68.1,78.3,,
68.3,76.5,,
82.9,70.5,,
54.3,70.7,,
83.1,72.9,,
54.6,73.1,,
83.4,71.2,,
83.7,77.6,,
69.6,73.7,,
69.7,75.9,,
98.7,76.1,,
55.9,76.3,,
70.3,78.6,,
84.9,80.9,,
85.1,77.0,,
85.4,79.2,,
85.7,81.5,,
71.6,79.7,,
71.7,75.8,,
86.3,76.0,,
72.1,74.1,,
57.9,74.3,,
86.7,76.5,,
72.6,74.6,,
72.7,72.7,,
87.3,77.0,,
73.1,75.1,,
58.9,75.3,,
87.7,75.4,,
73.6,75.6,,
73.7,77.8,,
73.9,82.1,,
88.4,82.4,,
88.7,84.7,,
89.0,89.0,,
89.3,91.4,,
89.6,91.7,,
104.3,92.0,,
90.3,90.2,,
90.6,88.4,,
90.9,86.7,,
76.7,80.7,,
76.9,76.8,,
77.0,72.8,,
62.7,70.8,,
62.7,75.0,,
62.7,79.3,,
77.1,79.4,,
106.1,81.7,,
106.6,88.0,,
78.1,92.4,,
78.3,92.7,,
107.3,86.8,,
93.3,80.8,,
79.1,81.0,,
64.9,85.3,,
64.9,83.4,,
79.3,83.6,,
108.3,85.9,,
94.3,90.2,,
94.6,92.5,,
94.9,94.8,,
95.1,91.0,,
81.0,89.2,,
95.6,85.3,,
81.4,83.4,,
81.6,79.4,,
67.3,81.6,,
81.7,79.7,,
67.4,77.8,,
96.3,79.9,,
82.1,84.2,,
67.9,84.3,,
96.7,88.6,,
97.0,86.8,,
82.9,91.1,,
97.4,95.4,,
83.3,91.6,,
112.3,91.8,,
98.3,96.1,,
69.7,96.4,,
98.6,94.6,,
113.3,90.7,,
99.3,90.9,,
70.7,93.2,,
85.1,93.4,,
99.7,89.5,,
85.6,87.6,,
100.1,94.0,,
86.0,94.2,,
86.1,94.4,,
115.1,96.7,,
86.7,92.8,,
101.3,91.0,,
101.6,93.2,,
73.0,89.3,,
73.0,91.5,,
101.9,87.6,,
87.7,87.7,,
102.3,94.1,,
73.7,98.4,,
102.6,96.6,,
117.3,96.8,,
103.3,92.9,,
89.1,97.2,,
89.3,95.4,,
75.0,89.4,,
103.9,87.5,,
89.7,91.7,,
75.4,96.0,,
89.9,98.3,,
118.9,96.4,,
119.3,98.7,,
90.9,101.0,
91.0,101.2,
105.6,97.3,,
91.4,91.4,,
91.6,93.6,,
91.7,95.8,,
77.4,96.0,,
106.3,96.2,,
106.6,96.3,,
106.9,96.5,,
92.7,100.8,
92.9,99.0,,
93.0,95.1,,
107.6,89.1,,
93.4,93.3,,
79.1,95.5,,
64.7,95.7,,
122.3,93.8,,
108.3,98.0,,
94.1,102.3,
94.3,110.8,
123.3,107.0,
109.3,109.3,
124.0,109.6,
95.6,109.9,
124.6,106.0,
96.1,104.2,
96.3,100.3,
96.4,102.6,
96.6,96.6,,
96.7,98.8,,
111.3,101.0,
82.7,103.3,
111.6,105.5,
111.9,107.8,
112.1,103.9,
112.4,108.3,
112.7,104.4,
84.1,102.5,
113.0,100.7,
84.4,100.8,
98.9,96.9,,
99.0,103.2,
113.6,101.3,
85.0,105.6,
128.3,103.7,
99.9,103.9,
114.4,100.0,
85.9,104.2,
100.3,98.2,,
86.0,98.3,,
114.9,98.5,,
86.3,106.8,
100.7,105.0,
115.3,109.3,
144.4,107.4,
87.3,109.7,
116.1,109.9,
102.0,108.1,
102.1,98.0,,
102.3,102.2,
102.4,100.3,
73.7,100.4,
116.9,102.6,
102.7,104.8,
102.9,107.0,
117.4,115.5,
117.7,115.7,
118.0,118.1,
132.7,118.3,
118.7,114.5,
119.0,110.6,
104.9,104.7,
90.6,100.7,
90.6,96.7,,
76.1,94.7,,
104.9,98.8,,
90.6,101.0,
105.0,109.3,
134.0,115.7,
105.6,115.9,
149.0,120.3,
120.7,122.6,
106.6,118.8,
121.1,121.1,
121.4,113.2,
107.3,113.4,
121.9,115.7,
93.3,113.8,
122.1,112.0,
122.4,110.1,
108.3,108.2,
108.4,112.4,
94.1,110.6,
108.6,106.6,
123.1,104.7,
109.0,104.8,
94.7,106.9,
94.7,109.1,
109.1,105.1,
109.3,105.2,
123.9,105.3,
95.3,109.6,
109.7,109.7,
95.4,109.9,
124.3,107.9,
110.1,112.2,
110.3,110.3,
110.4,116.6,
125.0,114.8,
96.4,112.9,
139.7,113.0,
111.3,113.2,
97.0,111.3,
111.4,115.6,
111.6,111.6,
111.7,113.8,
126.3,118.1,
112.1,122.4,
126.7,122.7,
127.0,120.9,
141.7,119.0,
113.3,117.2,
99.0,115.3,
113.4,111.3,
99.1,107.3,
113.6,107.4,
99.3,111.6,
113.7,117.9,
113.9,124.3,
128.4,124.6,
157.6,131.0,
143.7,131.3,
115.3,131.6,
144.3,129.8,
115.9,119.8,
116.0,115.9,
116.1,116.0,
87.4,114.1,
116.1,114.2,
116.3,118.5,
130.9,120.7,
116.7,129.1,
145.7,131.4,
131.7,135.9,
146.4,136.2,
132.4,136.5,
147.1,130.7,
133.1,130.9,
119.0,125.0,
104.7,121.1,
133.6,117.1,
105.0,113.1,
105.0,115.3,
119.4,119.5,
105.1,115.5,
134.0,119.7,
134.3,124.0,
105.7,126.2,
134.6,128.5,
134.9,128.7,
135.1,129.0,
121.0,135.4,
135.6,133.6,
135.9,129.7,
150.6,127.9,
122.1,128.1,
107.9,126.2,
122.3,124.4,
122.4,118.3,
122.6,118.4,
122.7,122.7,
108.4,120.8,
122.9,122.9,
137.4,123.1,
108.9,125.3,
137.7,129.6,
123.6,131.8,
138.1,130.0,
138.4,134.3,
138.7,132.5,
124.6,132.7,
139.1,133.0,
125.0,131.1,
125.1,129.3,
139.7,133.6,
125.6,131.7,
125.7,131.9,
154.7,136.3,
126.3,132.4,
126.4,132.6,
155.4,132.8,
112.6,126.8,
127.0,127.0,
127.1,127.1,
112.9,121.1,
127.3,125.3,
127.4,125.4,
113.1,125.5,
142.0,129.8,
127.9,136.1,
128.0,138.4,
142.6,142.8,
171.7,141.0,
143.4,145.4,
143.7,145.7,
129.6,143.9,
158.6,136.0,
130.1,132.0,
130.3,132.2,
116.0,130.3,
116.0,124.3,
144.9,128.5,
116.3,130.7,
116.3,132.9,
159.6,141.3,
145.6,141.5,
131.4,145.9,
174.9,150.3,
146.6,146.5,
146.9,144.7,
147.1,145.0,
133.0,137.0,
133.1,135.1,
133.3,135.3,
119.0,133.4,
133.4,133.5,
148.0,135.7,
133.9,138.0,
134.0,144.3,
148.6,142.5,
148.9,140.7,
163.6,142.9,
120.7,145.2,
135.1,145.5,
149.7,145.7,
150.0,139.8,
150.3,144.1,
150.6,146.4,
122.0,146.6,
150.9,146.9,
151.1,145.0,
151.4,145.3,
151.7,151.7,
137.6,152.0,
152.1,154.3,
166.9,154.6,
152.9,154.9,
167.6,159.3,
153.6,159.7,
153.9,155.9,
168.6,154.2,
154.6,150.3,
140.4,150.6,
140.6,148.8,
140.7,140.7,
155.3,136.8,
141.1,136.9,
112.4,139.0,
126.7,141.2,
141.1,137.2,
155.7,141.4,
156.0,151.9,
127.4,158.3,
170.7,160.7,
185.6,161.0,
171.7,157.2,
157.7,163.7,
158.0,159.9,
129.4,154.0,
172.7,154.3,
144.3,158.7,
144.4,158.9,
173.4,165.4,
188.3,165.8,
160.0,170.2,
174.7,174.7,
175.1,171.0,
175.6,165.2,
176.0,167.6,
147.6,165.9,
147.7,164.2,
176.7,162.4,
162.7,158.6,
163.0,160.9,
163.3,165.3,
149.1,159.4,
163.7,159.7,
178.4,157.8,
135.6,153.9,
164.4,156.2,
150.3,156.4,
136.0,154.5,
164.9,163.0,
165.1,163.2,
165.4,165.6,
194.6,172.0,
166.3,172.4,
166.6,170.7,
181.3,168.9,
167.3,163.0,
153.1,163.3,
153.3,161.5,
153.4,159.6,
168.0,161.9,
153.9,164.2,
168.4,164.4,
183.1,166.7,
169.1,167.0,
155.0,169.3,
169.6,169.6,
169.9,167.8,
170.1,168.1,
170.4,170.4,
170.7,168.7,
171.0,171.0,
171.3,171.3,
157.1,169.5,
186.1,165.6,
172.1,167.9,
158.0,166.1,
143.7,168.4,
187.0,164.5,
158.6,160.6,
173.1,158.7,
159.0,160.9,
144.7,152.8,
144.7,152.9,
159.1,150.9,
130.4,151.0,
159.1,155.2,
159.3,157.3,
159.4,157.4,
174.0,161.7,
159.9,163.9,
160.0,164.1,
160.1,162.2,
174.7,162.4,
160.6,162.6,
146.3,162.7,
175.1,162.9,
161.0,156.9,
161.1,154.9,
161.3,155.0,
132.6,148.9,
146.9,146.8,
146.9,144.8,
132.4,142.7,
146.7,146.8,
146.7,148.8,
146.7,148.9,
161.1,150.9,
161.3,155.1,
147.0,157.2,
147.0,159.4,
175.9,159.5,
161.7,157.6,
161.9,159.8,
162.0,161.9,
147.7,160.0,
162.1,160.1,
162.3,160.3,
162.4,160.4,
162.6,162.6,
162.7,162.7,
162.9,162.9,
163.0,160.9,
163.1,161.1,
163.3,159.1,
149.0,157.2,
163.4,155.2,
149.1,151.1,
149.1,149.1,
149.1,149.1,
134.7,147.0,
149.0,147.0,
149.0,147.0,
149.0,147.0,
149.0,153.1,
149.0,155.2,
149.0,157.3,
177.9,159.5,
163.7,161.7,
163.9,163.8,
164.0,166.0,
164.1,162.1,
164.3,164.3,
164.4,164.4,
150.1,162.5,
179.0,162.6,
164.9,162.7,
150.6,162.9,
165.0,165.0,
165.1,161.1,
165.3,161.2,
165.4,161.3,
151.1,161.4,
165.6,161.5,
151.3,161.6,
165.7,161.7,
165.9,161.8,
166.0,159.8,
166.1,164.0,
151.9,164.1,
151.9,164.3,
180.7,162.3,
166.6,162.4,
166.7,164.6,
152.4,162.7,
166.9,156.6,
167.0,152.5,
138.3,150.4,
138.1,152.5,
138.0,148.3,
152.3,146.2,
166.7,152.4,
138.0,156.5,
152.3,160.7,
181.1,162.8,
167.0,158.8,
167.1,163.0,
167.3,165.1,
138.6,161.1,
167.3,163.3,
167.4,163.4,
153.1,161.4,
182.0,167.7,
167.9,167.8,
153.6,165.9,
182.4,170.1,
168.3,166.2,
154.0,166.3,
182.9,166.4,
154.3,162.4,
168.7,160.4,
154.4,162.6,
154.4,158.5,
154.4,160.6,
168.9,160.7,
154.6,162.8,
169.0,165.0,
169.1,169.2,
169.3,169.3,
169.4,169.5,
184.0,167.6,
169.9,163.6,
155.6,163.6,
155.6,163.7,
141.1,159.7,
169.9,157.7,
170.0,159.7,
155.7,157.7,
155.7,161.9,
170.1,159.9,
141.4,157.8,
170.1,157.9,
155.9,159.9,
155.9,157.9,
155.9,164.1,
170.3,164.2,
156.0,166.3,
184.9,170.6,
170.7,172.8,
170.9,170.9,
185.4,171.0,
171.3,165.0,
157.0,163.0,
157.0,161.0,
142.6,154.9,
156.9,152.8,
156.9,152.7,
142.4,156.8,
156.7,163.0,
156.7,165.1,
185.6,167.3,
185.9,171.5,
171.7,173.7,
171.9,175.9,
172.0,172.0,
172.1,170.1,
172.3,168.1,
158.0,166.2,
172.4,166.2,
158.1,164.3,
158.1,162.3,
172.6,162.3,
158.3,160.3,
158.3,162.4,
158.3,164.5,
158.3,160.4,
172.7,160.4,
172.9,164.6,
144.1,164.6,
158.4,164.7,
187.3,162.7,
158.7,160.7,
158.7,164.8,
158.7,164.9,
158.7,158.8,
173.1,162.9,
158.9,162.9,
144.4,165.0,
187.6,165.1,
159.0,163.1,
173.4,165.2,
159.1,169.4,
159.1,167.4,
173.6,169.6,
173.7,169.7,
173.9,171.8,
174.0,174.0,
174.1,174.1,
174.3,172.2,
174.4,168.2,
174.6,168.3,
160.3,164.3,
145.9,164.3,
174.6,164.3,
145.9,162.3,
174.6,164.4,
174.7,168.6,
160.4,166.6,
174.9,170.8,
175.0,168.8,
160.7,168.9,
175.1,173.1,
160.9,171.2,
175.3,169.2,
189.9,171.3,
161.3,173.5,
161.3,171.6,
175.7,167.6,
190.3,159.4,
147.3,159.3,
147.1,159.3,
132.6,157.2,
161.1,151.0,
161.1,157.1,
161.1,161.2,
146.7,167.4,
189.9,169.5,
175.7,171.6,
175.9,169.7,
176.0,171.8,
176.1,167.8,
147.4,165.8,
161.7,165.8,
161.7,165.9,
161.7,163.9,
176.1,170.1,
176.3,170.1,
162.0,172.3,
190.9,174.4,
162.3,174.6,
176.7,170.6,
176.9,172.7,
177.0,168.7,
148.3,172.9,
177.0,170.9,
162.7,168.9,
191.6,166.9,
163.0,171.1,
163.0,169.1,
163.0,167.1,
177.4,161.0,
163.1,158.9,
148.7,158.9,
148.6,158.8,
148.4,156.7,
162.7,158.7,
162.7,164.9,
162.7,169.0,
177.1,175.2,
191.7,177.4,
177.6,181.7,
192.1,183.9,
178.0,182.1,
192.6,176.1,
178.4,174.1,
164.1,170.1,
149.7,168.1,
164.0,159.9,
164.0,159.9,
164.0,159.8,
135.1,166.0,
178.1,168.1,
163.9,166.0,
192.7,166.1,
178.6,174.3,
149.9,174.4,
164.1,176.6,
193.0,172.6,
178.9,170.6,
179.0,176.9,
164.7,179.0,
164.7,173.0,
193.6,169.0,
179.4,169.0,
150.7,169.0,
150.6,169.1,
179.3,165.0,
165.0,160.9,
165.0,165.0,
165.0,167.0,
150.6,165.0,
179.3,167.0,
165.0,169.1,
165.0,169.2,
179.4,175.4,
179.6,175.5,
165.3,177.7,
194.1,177.8,
180.0,173.8,
180.1,171.8,
165.9,173.9,
151.4,169.9,
165.7,172.0,
180.1,172.0,
165.9,172.1,
194.7,176.3,
180.6,176.4,
166.3,174.4,
180.7,176.6,
166.4,168.4,
166.4,164.3,
180.9,166.4,
137.7,166.4,
151.9,168.4,
180.6,168.4,
180.7,166.4,
180.9,170.5,
166.6,174.7,
166.6,172.7,
166.6,168.7,
181.0,168.7,
166.7,170.8,
152.3,168.7,
181.0,170.8,
181.1,168.8,
152.4,168.8,
181.1,175.0,
166.9,171.0,
166.9,171.0,
195.7,175.2,
152.7,173.2,
181.4,175.3,
181.6,177.5,
167.3,171.4,
181.7,177.6,
181.9,175.7,
153.1,175.7,
196.3,179.9,
167.7,178.0,
182.1,176.0,
196.7,178.2,
168.1,170.0,
168.1,172.1,
168.1,168.0,
139.3,161.9,
182.3,161.8,
153.6,163.8,
153.4,167.9,
167.7,174.1,
182.1,170.0,
196.7,174.1,
182.6,178.3,
153.9,178.4,
182.6,176.5,
182.7,170.4,
168.4,170.4,
168.4,174.5,
154.0,172.5,
182.7,170.5,
182.9,172.6,
168.6,172.6,
168.6,176.8,
183.0,174.8,
168.7,172.8,
183.1,172.9,
168.9,175.0,
168.9,175.0,
168.9,175.1,
183.3,173.1,
183.4,175.2,
169.1,175.2,
169.1,179.4,
183.6,175.4,
169.3,171.3,
198.1,171.4,
155.1,171.4,
155.0,167.3,
169.3,167.3,
169.3,163.1,
154.9,165.1,
169.1,169.2,
169.1,169.2,
169.1,171.3,
183.6,175.4,
169.3,177.5,
183.7,177.6,
183.9,177.7,
184.0,175.7,
169.7,177.8,
169.7,177.9,
169.7,175.9,
184.1,171.9,
184.3,174.0,
170.0,176.1,
155.6,178.2,
184.3,178.3,
184.4,174.2,
184.6,174.3,
184.7,182.6,
156.0,180.6,
170.3,178.7,
213.6,176.7,
170.7,172.6,
170.7,174.7,
170.7,172.7,
156.3,164.4,
170.6,164.4,
156.1,164.3,
156.0,164.3,
170.3,166.3,
170.3,168.3,
170.3,174.4,
170.3,174.5,
184.7,176.6,
199.3,178.7,
156.3,178.8,
185.0,183.0,
185.1,179.0,
170.9,175.0,
199.7,177.1,
156.7,173.0,
171.0,173.0,
171.0,173.0,
156.6,168.9,
185.3,173.0,
171.0,173.1,
171.0,177.2,
185.4,181.4,
171.1,179.4,
200.0,179.5,
185.9,179.6,
171.6,179.7,
171.6,181.8,
171.6,177.8,
186.0,175.8,
186.1,175.8,
171.9,177.9,
171.9,178.0,
171.9,173.9,
186.3,171.9,
172.0,171.9,
157.6,171.9,
171.9,174.0,
171.9,171.9,
171.9,171.9,
186.3,178.1,
172.0,178.2,
172.0,178.2,
200.9,178.3,
172.3,172.2,
172.3,174.2,
172.3,176.3,
143.4,170.2,
186.4,170.1,
186.6,170.1,
157.9,168.0,
172.1,174.2,
172.1,172.1,
157.7,168.0,
186.4,172.1,
172.1,176.2,
157.7,176.3,
186.4,182.5,
201.0,184.7,
172.4,186.8,
201.3,191.1,
201.6,189.2,
187.4,181.1,
187.6,179.2,
173.3,177.2,
144.4,171.0,
158.6,166.9,
187.3,166.8,
158.6,166.8,
158.4,172.9,
187.1,179.1,
172.9,177.1,
187.3,181.2,
201.9,183.4,
173.3,179.3,
187.7,179.4,
173.4,177.4,
159.0,175.4,
173.3,175.4,
173.3,171.3,
187.7,171.3,
173.4,173.3,
159.0,175.4,
173.3,175.4,
173.3,171.3,
187.7,171.3,
173.4,175.4,
159.0,177.5,
173.3,177.5,
187.7,175.5,
187.9,177.6,
173.6,181.7,
173.6,181.8,
188.0,179.8,
188.1,177.8,
173.9,177.9,
173.9,175.9,
173.9,173.8,
173.9,169.7,
159.4,169.7,
173.7,169.6,
159.3,169.6,
173.6,169.5,
173.6,175.7,
173.6,175.7,
173.6,177.8,
202.4,179.9,
173.9,179.9,
173.9,180.0,
188.3,182.1,
174.0,176.0,
174.0,176.0,
188.4,178.1,
159.7,174.0,
174.0,174.0,
188.4,174.0,
159.7,172.0,
174.0,174.0,
174.0,176.1,
174.0,176.1,
174.0,178.2,
188.4,178.2,
188.6,178.3,
174.3,178.3,
174.3,180.4,
174.3,178.4,
174.3,176.4,
188.7,176.4,
174.4,178.5,
174.4,178.5,
174.4,178.6,
188.9,174.5,
174.6,172.4,
174.6,170.3,
160.1,172.4,
160.0,170.3,
159.9,172.3,
188.6,174.3,
174.3,178.5,
188.7,182.6,
188.9,186.8,
189.0,184.9,
189.1,185.0,
189.3,183.0,
175.0,183.1,
175.0,181.1,
175.0,181.2,
189.4,179.2,
175.1,181.3,
189.6,183.4,
175.3,185.6,
189.7,181.6,
189.9,179.6,
190.0,175.5,
161.3,175.5,
161.1,173.4,
161.0,169.3,
175.3,165.1,
175.3,169.1,
160.9,173.2,
160.7,175.2,
189.4,177.3,
189.6,175.2,
175.3,177.3,
189.7,181.4,
161.0,177.4,
175.3,175.3,
189.7,175.3,
161.0,171.2,
175.3,175.3,
175.3,175.3,
160.9,171.2,
189.6,173.2,
175.3,175.2,
160.9,177.3,
175.1,181.4,
189.6,179.4,
189.7,179.5,
189.9,185.7,
175.6,187.9,
175.6,188.0,
204.4,184.0,
190.3,182.0,
190.4,182.1,
161.7,182.1,
176.0,178.1,
176.0,176.0,
176.0,169.8,
176.0,173.9,
176.0,171.8,
147.1,171.8,
190.1,175.9,
161.4,173.8,
175.7,173.8,
204.6,179.9,
161.6,177.9,
175.9,182.1,
190.3,180.1,
176.0,176.0,
190.4,178.0,
161.7,180.1,
176.0,178.1,
176.0,180.2,
190.4,178.2,
176.1,182.3,
190.6,182.4,
176.3,182.4,
190.7,178.4,
176.4,178.4,
176.4,174.3,
162.0,176.3,
176.3,174.3,
161.9,172.2,
190.6,174.2,
176.3,178.3,
161.9,180.4,
190.6,182.5,
190.7,178.4,
190.9,180.5,
176.6,184.7,
162.1,182.7,
190.9,180.7,
191.0,180.7,
176.7,182.8,
176.7,187.0,
191.1,183.0,
191.3,181.0,
191.4,183.1,
162.7,181.1,
177.0,177.0,
191.4,175.0,
162.7,172.9,
162.6,174.9,
176.9,172.8,
176.9,168.7,
176.9,172.7,
162.4,174.7,
162.3,172.6,
191.0,172.6,
176.7,174.6,
162.3,176.7,
176.6,180.8,
191.0,176.7,
176.7,176.7,
191.1,182.9,
162.4,185.0,
176.7,183.0,
205.6,185.1,
191.4,181.1,
177.1,183.2,
191.6,185.3,
162.9,181.3,
177.1,179.3,
191.6,181.3,
177.3,181.4,
177.3,185.6,
191.7,189.8,
191.9,189.9,
192.0,187.9,
206.6,190.1,
192.4,188.2,
163.7,184.1,
192.4,182.1,
178.1,178.1,
163.7,176.0,
178.0,180.1,
178.0,178.1,
178.0,178.1,
192.4,180.1,
178.1,180.1,
178.1,180.2,
178.1,178.1,
178.1,174.0,
178.1,171.9,
163.7,171.8,
163.6,173.8,
163.4,171.7,
177.7,173.7,
192.1,175.8,
163.4,177.8,
192.1,177.8,
177.9,179.9,
177.9,177.8,
163.4,179.9,
192.1,175.8,
177.9,173.7,
177.9,175.7,
163.4,177.8,
163.3,173.6,
192.0,175.7,
177.7,177.7,
163.3,181.8,
192.0,188.0,
192.1,186.1,
192.3,188.2,
206.9,190.4,
178.3,186.4,
192.7,184.4,
178.4,182.4,
164.0,176.3,
178.3,176.2,
178.3,174.2,
163.9,174.1,
178.1,176.1,
178.1,176.1,
178.1,174.0,
178.1,178.1,
178.1,180.2,
163.7,180.2,
192.4,182.3,
192.6,182.3,
178.3,182.4,
192.7,184.5,
178.4,182.5,
178.4,180.4,
178.4,182.5,
178.4,178.4,
178.4,178.4,
192.9,178.4,
164.1,178.4,
178.4,178.4,
178.4,176.4,
178.4,172.2,
178.4,174.2,
164.0,176.3,
163.9,176.2,
178.1,176.2,
192.6,178.3,
178.3,180.3,
178.3,184.5,
192.7,184.5,
178.4,180.5,
192.9,182.6,
178.6,184.7,
164.1,178.5,
192.9,180.6,
193.0,178.6,
149.9,178.6,
192.9,180.6,
178.6,178.6,
178.6,174.4,
178.6,180.6,
178.6,178.6,
164.1,178.6,
192.9,180.6,
178.6,182.7,
178.6,180.7,
193.0,182.8,
193.1,180.7,
164.4,180.8,
178.7,180.8,
178.7,178.7,
178.7,176.7,
178.7,180.8,
178.7,182.9,
178.7,182.9,
193.1,185.0,
193.3,183.0,
179.0,181.0,
193.4,181.0,
164.7,179.0,
164.6,174.8,
178.9,174.8,
178.9,170.6,
164.4,172.6,
178.7,176.7,
164.3,176.7,
178.6,178.7,
193.0,182.8,
178.7,184.9,
193.1,187.0,
193.3,189.2,
193.4,187.2,
179.1,187.3,
193.6,181.2,
179.3,181.2,
179.3,177.1,
150.4,177.1,
193.4,177.1,
164.7,177.1,
179.0,177.0,
193.4,185.3,
179.1,181.2,
179.1,183.3,
208.0,183.3,
165.0,179.2,
179.3,181.3,
179.3,183.4,
164.9,179.3,
193.6,183.4,
193.7,183.5,
179.4,183.5,
193.9,187.7,
179.6,183.6,
179.6,179.6,
194.0,177.5,
165.3,173.3,
165.1,173.3,
165.0,177.3,
164.9,175.3,
179.1,177.3,
208.0,179.3,
179.4,181.4,
179.4,185.5,
179.4,187.7,
179.4,181.6,
193.9,179.5,
194.0,181.6,
165.3,181.6,
165.1,181.6,
193.9,177.5,
179.6,175.4,
179.6,175.4,
165.1,179.5,
179.4,175.3,
165.0,177.4,
193.7,179.4,
165.0,183.5,
193.7,183.6,
193.9,185.7,
194.0,181.6,
179.7,185.8,
179.7,183.8,
165.3,181.7,
194.0,179.7,
179.7,179.7,
179.7,179.7,
179.7,183.8,
179.7,181.8,
179.7,179.8,
194.1,177.7,
179.9,175.6,
165.4,175.6,
165.3,177.6,
165.1,175.5,
179.4,173.4,
193.9,177.5,
179.6,179.5,
165.1,183.6,
193.9,183.7,
179.6,179.6,
194.0,179.6,
179.7,181.7,
165.3,177.6,
179.6,177.5,
179.6,173.4,
165.1,173.3,
179.4,177.4,
165.0,175.3,
179.3,175.3,
193.7,179.3,
165.0,181.4,
179.3,183.5,
193.7,181.5,
193.9,179.4,
179.6,183.6,
165.1,187.7,
179.4,185.7,
193.9,183.7,
208.4,185.8,
179.9,190.0,
179.9,192.2,
194.3,190.2,
194.4,182.1,
194.6,184.2,
180.3,184.2,
151.4,180.1,
194.4,178.1,
180.1,176.0,
165.7,176.0,
180.0,180.0,
180.0,173.9,
180.0,173.8,
180.0,177.9,
151.1,177.8,
179.7,173.7,
194.1,175.7,
179.9,177.7,
151.0,183.9,
194.0,183.9,
194.1,184.0,
194.3,181.9,
180.0,188.1,
194.4,184.1,
165.7,184.1,
194.4,182.1,
165.7,184.2,
194.4,180.1,
180.1,184.2,
194.6,182.2,
165.9,182.2,
194.6,178.1,
180.3,178.1,
165.9,174.0,
165.7,178.0,
180.0,176.0,
165.6,178.0,
194.3,182.1,
180.0,186.2,
194.4,188.3,
194.6,190.5,
194.7,188.5,
194.9,190.7,
180.6,186.7,
180.6,184.7,
195.0,180.6,
166.3,174.4,
180.6,174.3,
166.1,172.2,
151.6,168.0,
180.1,172.0,
165.7,174.0,
165.6,176.0,
194.3,182.1,
194.4,184.2,
180.1,188.4,
194.6,188.4,
194.7,184.4,
194.9,180.3,
166.1,182.4,
166.0,180.3,
165.9,178.3,
194.6,176.2,
180.3,180.3,
180.3,182.3,
180.3,184.4,
194.7,182.4,
180.4,182.4,
180.4,180.4,
180.4,178.3,
180.4,178.3,
166.0,178.3,
165.9,178.3,
194.6,176.2,
180.3,178.2,
180.3,182.3,
165.9,184.4,
194.6,182.4,
194.7,184.4,
180.4,186.6,
180.4,188.7,
194.9,186.7,
195.0,184.7,
180.7,182.7,
180.7,182.7,
180.7,178.6,
166.3,176.5,
180.6,174.4,
166.1,174.3,
180.4,174.3,
166.0,180.4,
180.3,180.4,
180.3,184.5,
209.1,184.6,
180.6,188.7,
195.0,190.9,
180.7,186.9,
195.1,180.7,
195.3,178.7,
152.1,176.6,
166.3,176.6,
166.1,174.4,
180.4,170.3,
180.4,178.4,
180.4,180.4,
166.0,182.5,
209.1,182.5,
180.6,182.6,
180.6,182.6,
180.6,186.7,
180.6,182.7,
180.6,182.7,
195.0,184.8,
180.7,184.8,
180.7,184.8,
195.1,184.9,
180.9,180.8,
180.9,180.8,
180.9,182.9,
166.4,180.8,
180.7,178.8,
195.1,178.7,
180.9,180.8,
166.4,182.8,
180.7,182.9,
195.1,178.8,
180.9,176.7,
180.9,178.7,
166.4,180.7,
166.3,178.7,
180.6,178.7,
195.0,178.6,
180.7,182.7,
180.7,186.9,
180.7,186.9,
195.1,184.9,
195.3,182.9,
181.0,182.9,
181.0,180.9,
166.6,176.8,
180.9,174.7,
166.4,178.7,
166.3,176.7,
180.6,178.7,
209.4,178.7,
166.4,182.8,
180.7,189.0,
180.7,189.0,
195.1,182.9,
209.7,183.0,
181.1,187.1,
166.7,185.1,
166.6,181.0,
209.7,172.8,
166.7,174.8,
166.6,176.8,
152.0,180.8,
195.0,172.6,
180.7,174.6,
195.1,178.6,
152.0,184.8,
180.6,180.7,
195.0,178.7,
195.1,174.5,
166.4,180.6,
166.3,182.7,
166.1,180.7,
194.9,178.6,
195.0,180.6,
180.7,184.8,
180.7,188.9,
180.7,184.9,
195.1,182.9,
195.3,184.9,
166.6,185.0,
180.9,185.0,
195.3,183.0,
181.0,181.0,
181.0,183.0,
181.0,183.0,
181.0,178.9,
181.0,178.9,
181.0,176.8,
166.6,176.8,
180.9,176.8,
166.4,176.7,
180.7,176.7,
180.7,178.7,
180.7,180.7,
180.7,182.8,
180.7,180.8,
195.1,180.8,
180.9,180.8,
166.4,178.7,
180.7,178.7,
180.7,176.6,
166.3,178.6,
180.6,182.7,
180.6,180.7,
195.0,184.8,
195.1,189.0,
166.4,191.1,
209.6,187.1,
195.4,183.0,
195.6,178.9,
152.4,185.1,
166.6,178.9,
166.4,176.9,
209.6,172.7,
166.6,178.8,
180.9,185.0,
166.4,187.1,
195.1,180.9,
209.7,180.9,
181.1,180.9,
166.7,183.0,
166.6,183.0,
180.9,176.9,
180.9,178.9,
195.3,180.9,
166.6,185.0,
195.3,185.1,
181.0,185.1,
195.4,181.0,
181.1,183.1,
181.1,181.1,
166.7,181.1,
181.0,179.0,
181.0,179.0,
181.0,179.0,
181.0,181.0,
181.0,181.0,
181.0,178.9,
181.0,176.9,
181.0,176.8,
166.6,176.8,
166.4,176.7,
180.7,176.7,
180.7,176.7,
180.7,178.7,
180.7,182.8,
180.7,184.9,
180.7,184.9,
195.1,182.9,
195.3,182.9,
181.0,185.0,
166.6,187.1,
180.9,185.1,
195.3,181.0,
195.4,181.0,
181.1,183.1,
166.7,183.1,
181.0,181.0,
181.0,179.0,
181.0,179.0,
181.0,178.9,
181.0,178.9,
181.0,183.0,
166.6,183.0,
180.9,181.0,
209.7,181.0,
181.1,183.1,
166.7,187.2,
181.0,187.3,
195.4,183.2,
195.6,183.2,
181.3,187.4,
181.3,187.4,
181.3,183.4,
195.7,183.4,
181.4,181.3,
167.0,179.3,
195.7,181.3,
167.0,177.2,
166.9,179.2,
195.6,181.3,
166.9,177.1,
195.6,183.3,
181.3,185.4,
166.9,181.3,
210.0,181.3,
181.4,177.2,
167.0,179.2,
166.9,179.2,
166.7,173.0,
195.4,172.9,
166.7,172.8,
166.6,176.8,
180.9,178.9,
166.4,174.7,
195.1,178.8,
180.9,180.8,
166.4,182.9,
195.1,189.1,
180.9,187.1,
195.3,187.2,
209.9,191.3,
181.3,189.4,
181.3,189.5,
195.7,185.4,
181.4,179.3,
181.4,181.3,
167.0,179.3,
166.9,173.1,
195.6,173.0,
166.9,172.9,
152.3,172.8,
180.9,174.8,
180.9,172.7,
166.4,176.7,
180.7,182.9,
180.7,180.8,
195.1,182.9,
195.3,189.1,
166.6,191.2,
195.3,191.3,
209.9,189.4,
195.7,189.4,
181.4,193.7,
181.4,187.6,
195.9,179.4,
196.0,175.3,
152.9,173.1,
152.6,173.1,
166.7,166.8,
166.6,164.6,
180.9,168.6,
152.0,174.6,
180.6,176.6,
180.6,178.6,
195.0,176.6,
180.7,182.7,
180.7,182.7,
166.3,186.9,
195.0,186.9,
180.7,189.0,
209.6,189.1,
195.4,193.3,
195.6,191.4,
181.3,191.5,
195.7,185.4,
181.4,183.4,
181.4,177.2,
167.0,177.2,
181.3,175.1,
152.4,177.1,
181.0,177.0,
181.0,181.1,
195.4,179.1,
181.1,187.3,
195.6,187.3,
166.9,187.4,
210.0,181.3,
181.4,183.3,
181.4,181.3,
152.6,185.4,
195.6,181.3,
181.3,181.3,
195.7,183.4,
181.4,187.6,
181.4,185.6,
195.9,183.5,
181.6,179.4,
181.6,177.3,
167.1,177.3,
167.0,175.2,
166.9,177.2,
181.1,175.1,
181.1,177.1,
195.6,179.1,
166.9,181.2,
181.1,181.2,
181.1,179.1,
181.1,177.0,
181.1,179.0,
166.7,179.0,
181.0,179.0,
181.0,176.9,
181.0,176.9,
181.0,178.9,
166.6,178.9,
180.9,178.9,
180.9,178.8,
180.9,180.9,
180.9,185.0,
180.9,185.0,
195.3,187.1,
195.4,187.2,
181.1,185.2,
195.6,185.2,
181.3,183.2,
166.9,181.2,
181.1,181.2,
181.1,179.1,
181.1,179.1,
181.1,183.2,
181.1,183.2,
181.1,183.2,
195.6,181.2,
181.3,181.2,
181.3,181.2,
166.9,181.2,
181.1,179.1,
181.1,179.1,
181.1,177.0,
181.1,183.2,
181.1,183.2,
166.7,181.2,
209.9,183.2,
181.3,183.2,
166.9,185.3,
195.6,189.5,
181.3,183.4,
195.7,183.4,
195.9,187.6,
167.1,183.5,
181.4,183.5,
195.9,179.4,
167.1,177.3,
181.4,179.3,
167.0,181.4,
181.3,179.3,
181.3,181.4,
195.7,181.4,
181.4,183.4,
181.4,181.4,
181.4,179.3,
181.4,177.2,
167.0,177.2,
166.9,177.2,
181.1,177.1,
181.1,179.1,
181.1,179.1,
181.1,185.3,
195.6,185.3,
166.9,183.3,
210.0,185.4,
181.4,185.4,
167.0,183.4,
195.7,189.6,
181.4,183.5,
181.4,183.5,
210.3,185.6,
167.3,181.5,
181.6,181.5,
181.6,179.5,
167.1,175.3,
181.4,179.4,
167.0,179.4,
181.3,179.3,
195.7,181.4,
181.4,181.4,
181.4,183.4,
181.4,183.5,
181.4,179.4,
181.4,179.3,
181.4,179.3,
167.0,179.3,
181.3,179.3,
181.3,179.3,
181.3,177.2,
181.3,179.2,
181.3,175.1,
166.9,172.9,
181.1,172.9,
152.3,170.7,
166.4,170.6,
180.7,172.6,
166.3,172.5,
180.6,178.6,
180.6,182.7,
180.6,182.7,
195.0,186.9,
195.1,186.9,
180.9,187.0,
195.3,187.0,
181.0,185.0,
181.0,183.0,
181.0,185.1,
181.0,183.1,
181.0,181.0,
195.4,181.0,
181.1,181.0,
166.7,181.0,
181.0,181.0,
181.0,174.9,
181.0,176.9,
181.0,180.9,
152.1,178.9,
195.1,176.8,
195.3,176.8,
166.6,176.7,
166.4,180.8,
180.7,176.7,
180.7,174.6,
180.7,178.6,
166.3,182.7,
180.6,182.8,
195.0,182.8,
195.1,186.9,
180.9,189.0,
180.9,189.1,
209.7,187.1,
181.1,185.1,
181.1,185.2,
181.1,187.3,
181.1,181.2,
181.1,181.2,
195.6,181.2,
166.9,181.2,
181.1,183.2,
181.1,183.2,
181.1,179.1,
195.6,181.2,
181.3,179.1,
166.9,179.1,
181.1,181.1,
166.7,179.1,
181.0,181.1,
195.4,183.2,
181.1,183.2,
195.6,187.3,
181.3,187.4,
181.3,183.3,
195.7,181.3,
181.4,177.2,
167.0,177.1,
166.9,177.1,
166.7,172.9,
181.0,172.9,
181.0,174.8,
166.6,176.8,
180.9,178.9,
180.9,176.8,
180.9,178.8,
180.9,182.9,
166.4,182.9,
195.1,182.9,
195.3,183.0,
181.0,183.0,
181.0,187.1,
181.0,181.0,
181.0,178.9,
195.4,178.9,
152.3,176.8,
180.9,176.8,
180.9,176.8,
166.4,172.6,
180.7,178.7,
180.7,178.7,
166.3,178.7,
195.0,182.8,
180.7,182.8,
180.7,182.8,
195.1,186.9,
180.9,182.9,
180.9,182.9,
195.3,182.9,
166.6,178.8,
180.9,176.7,
180.9,176.7,
166.4,176.7,
166.3,180.7,
180.6,182.8,
195.0,182.8,
195.1,184.9,
195.3,189.1,
181.0,187.1,
181.0,181.0,
195.4,176.8,
166.7,172.7,
152.1,174.7,
166.3,176.7,
166.1,176.6,
194.9,180.7,
195.0,186.9,
195.1,193.1,
195.3,195.3,
195.4,189.3,
210.0,189.3,
181.4,187.4,
152.6,183.3,
195.6,181.3,
181.3,175.1,
166.9,175.0,
181.1,181.1,
166.7,175.0,
181.0,172.8,
195.4,176.9,
152.3,178.9,
166.4,180.9,
195.1,178.9,
195.3,174.7,
181.0,180.9,
166.6,182.9,
166.4,182.9,
195.1,176.8,
180.9,176.7,
195.3,180.8,
152.1,184.9,
180.7,182.9,
195.1,182.9,
195.3,180.9,
181.0,185.0,
181.0,183.0,
181.0,181.0,
181.0,181.0,
166.6,181.0,
180.9,181.0,
195.3,178.9,
181.0,178.9,
181.0,183.0,
166.6,183.0,
180.9,178.9,
195.3,178.9,
181.0,178.9,
166.6,178.8,
180.9,178.8,
180.9,174.7,
166.4,174.6,
180.7,176.6,
166.3,176.6,
180.6,176.5,
180.6,178.6,
180.6,178.5,
180.6,180.6,
180.6,178.5,
180.6,178.5,
180.6,178.5,
166.1,180.5,
180.4,184.6,
180.4,184.7,
194.9,184.7,
209.4,188.9,
180.9,186.9,
180.9,187.0,
195.3,182.9,
166.6,176.7,
180.9,176.7,
166.4,176.7,
166.3,172.5,
180.6,178.6,
180.6,178.6,
166.1,180.6,
209.3,182.7,
180.7,184.8,
180.7,186.9,
180.7,191.0,
195.1,182.9,
195.3,182.9,
195.4,182.9,
152.3,183.0,
180.9,180.9,
180.9,178.9,
180.9,176.8,
180.9,182.9,
180.9,182.9,
180.9,183.0,
195.3,180.9,
181.0,178.9,
181.0,178.8,
166.6,176.8,
166.4,172.6,
180.7,172.5,
166.3,172.4,
166.1,176.5,
180.4,180.6,
180.4,180.6,
194.9,182.6,
195.0,184.7,
180.7,184.7,
180.7,184.8,
180.7,180.7,
180.7,176.6,
180.7,176.5,
166.3,176.5,
166.1,176.4,
180.4,174.3,
180.4,174.3,
180.4,176.3,
166.0,180.4,
180.3,180.4,
180.3,182.4,
194.7,184.5,
180.4,186.6,
194.9,184.6,
195.0,186.7,
180.7,182.7,
166.3,180.6,
195.0,176.5,
166.3,172.3,
166.1,172.2,
166.0,174.2,
165.9,170.0,
180.1,172.0,
180.1,176.0,
165.7,180.1,
180.0,184.2,
194.4,184.3,
194.6,182.3,
194.7,184.3,
180.4,186.4,
166.0,182.4,
180.3,178.3,
194.7,174.1,
166.0,174.1,
165.9,180.2,
165.7,182.3,
180.0,180.2,
208.9,182.3,
194.7,184.4,
180.4,188.5,
180.4,188.6,
180.4,184.6,
194.9,180.5,
180.6,178.4,
180.6,180.5,
166.1,180.5,
166.0,176.3,
194.7,176.3,
180.4,176.3,
166.0,178.3,
180.3,182.4,
180.3,178.3,
180.3,178.3,
194.7,182.4,
166.0,182.4,
180.3,182.4,
194.7,182.4,
180.4,180.4,
180.4,182.4,
180.4,180.4,
180.4,180.4,
180.4,182.5,
166.0,180.4,
194.7,180.4,
194.9,178.4,
166.1,178.3,
180.4,184.5,
166.0,178.4,
180.3,176.3,
209.1,180.4,
151.7,180.4,
180.3,182.4,
194.7,184.5,
180.4,180.4,
180.4,184.6,
194.9,182.5,
180.6,180.5,
180.6,182.6,
166.1,182.6,
180.4,180.5,
194.9,180.5,
180.6,178.5,
180.6,180.5,
180.6,180.5,
166.1,178.4,
180.4,182.6,
180.4,180.5,
180.4,178.4,
209.3,184.6,
166.3,186.7,
166.1,186.8,
209.3,184.8,
195.1,178.6,
180.9,180.7,
166.4,180.7,
166.3,176.6,
180.6,172.4,
166.1,170.2,
180.4,174.3,
166.0,174.2,
165.9,176.2,
194.6,180.3,
165.9,180.3,
194.6,184.4,
194.7,186.5,
180.4,182.4,
194.9,184.5,
180.6,182.5,
166.1,182.5,
180.4,182.6,
180.4,180.5,
194.9,182.6,
180.6,184.7,
180.6,186.8,
195.0,186.8,
180.7,184.8,
195.1,184.9,
180.9,184.9,
180.9,180.8,
180.9,180.8,
180.9,178.8,
166.4,180.8,
180.7,180.8,
180.7,180.8,
195.1,180.8,
180.9,187.0,
180.9,187.0,
180.9,185.0,
209.7,181.0,
181.1,181.0,
166.7,181.0,
166.6,178.9,
180.9,170.6,
180.9,172.6,
166.4,176.6,
151.9,178.7,
194.9,180.7,
195.0,180.7,
180.7,186.9,
195.1,193.1,
180.9,195.3,
209.7,193.4,
195.6,195.6,
210.1,193.7,
181.6,193.8,
196.0,187.7,
181.7,185.7,
181.7,179.6,
167.3,181.6,
181.6,177.5,
167.1,177.4,
195.9,177.4,
167.1,183.6,
181.4,185.6,
181.4,185.7,
210.3,185.7,
196.1,189.9,
167.4,192.0,
196.1,192.1,
196.3,186.0,
196.4,184.0,
182.1,186.1,
167.7,182.0,
182.0,180.0,
182.0,175.8,
167.6,175.8,
181.9,177.8,
167.4,179.8,
181.7,183.9,
181.7,186.0,
196.1,188.1,
210.7,192.2,
182.1,194.4,
196.6,196.6,
196.7,192.6,
196.9,186.5,
197.0,188.6,
168.3,184.6,
168.1,182.5,
196.9,180.5,
168.1,178.4,
182.4,180.4,
182.4,186.6,
182.4,184.6,
182.4,186.6,
211.3,184.6,
182.7,186.7,
182.7,186.7,
168.3,188.8,
197.0,182.7,
182.7,182.7,
197.1,182.7,
168.4,188.9,
182.7,186.9,
182.7,186.9,
211.6,187.0,
183.0,189.1,
183.0,189.1,
197.4,191.3,
183.1,185.2,
183.1,185.2,
197.6,185.2,
168.9,181.1,
183.1,181.1,
183.1,183.1,
168.7,183.1,
183.0,187.2,
197.4,189.3,
197.6,191.5,
197.7,195.7,
197.9,199.9,
198.0,198.0,
198.1,198.2,
212.7,198.3,
184.1,196.4,
198.6,196.5,
198.7,196.6,
184.4,190.6,
198.9,190.6,
199.0,188.6,
170.3,184.6,
184.6,186.6,
184.6,184.6,
170.1,182.5,
198.9,184.6,
184.6,184.6,
184.6,186.6,
184.6,192.8,
184.6,190.8,
199.0,190.9,
213.6,191.0,
185.0,195.1,
185.0,197.3,
185.0,195.4,
213.9,187.2,
199.7,187.2,
185.4,189.3,
156.6,191.4,
185.1,189.4,
199.6,189.5,
199.7,191.6,
199.9,199.9,
200.0,202.1,
200.1,200.2,
214.7,198.3,
200.6,194.3,
186.3,192.3,
186.3,188.2,
171.9,184.1,
186.1,182.0,
171.7,182.0,
186.0,182.0,
186.0,188.1,
186.0,190.2,
186.0,194.3,
214.9,198.6,
200.7,202.8,
200.9,205.0,
215.4,207.3,
215.7,201.3,
201.6,199.4,
201.7,195.4,
173.0,189.3,
187.3,185.2,
172.9,183.1,
172.7,183.0,
187.0,187.1,
187.0,185.1,
201.4,191.2,
201.6,197.4,
172.9,195.5,
216.0,197.6,
216.3,195.7,
173.3,193.7,
202.0,204.1,
187.7,202.2,
187.7,196.1,
245.4,202.4,
202.7,202.5,
174.0,202.7,
217.1,206.9,
203.0,196.8,
188.7,194.8,
217.6,199.0,
174.6,195.0,
188.9,195.1,
203.3,197.2,
189.0,193.1,
203.4,197.3,
203.6,199.4,
189.3,199.6,
203.7,201.7,
203.9,201.8,
204.0,202.0,
204.1,202.1,
204.3,200.1,
204.4,198.2,
190.1,198.3,
190.1,198.3,
190.1,196.4,
204.6,196.4,
204.7,198.6,
190.4,200.7,
204.9,204.9,
205.0,203.0,
205.1,203.1,
219.7,203.2,
191.1,203.4,
205.6,203.5,
191.3,203.6,
205.7,201.7,
205.9,205.9,
206.0,204.0,
206.1,208.2,
220.7,206.3,
192.1,204.4,
221.0,204.5,
192.4,202.6,
192.4,198.6,
206.9,200.7,
192.6,196.7,
192.6,198.8,
207.0,202.9,
192.7,203.0,
207.1,205.2,
221.7,209.4,
207.6,207.6,
207.7,209.8,
222.3,209.9,
193.7,208.0,
208.1,208.2,
208.3,204.2,
208.4,200.2,
208.6,204.3,
179.9,204.4,
194.1,206.6,
223.0,204.7,
208.9,204.8,
223.4,213.1,
194.9,215.4,
209.3,213.5,
238.3,211.6,
209.9,209.7,
210.0,214.0,
195.7,214.2,
210.1,212.3,
224.7,210.4,
210.6,210.6,
225.1,214.8,
196.6,210.9,
211.0,209.0,
225.6,207.0,
182.6,203.0,
211.3,207.2,
197.0,207.3,
197.0,207.4,
225.9,213.7,
211.7,211.8,
226.3,216.0,
226.6,218.3,
198.0,218.5,
226.9,220.8,
212.7,216.9,
227.3,217.0,
227.6,219.3,
199.0,219.5,
227.9,219.7,
213.7,217.8,
228.3,213.9,
214.1,218.2,
214.3,216.3,
200.0,218.5,
228.9,216.6,
214.7,218.9,
229.3,219.0,
215.1,223.3,
229.7,221.5,
215.6,221.7,
230.1,221.9,
216.0,222.1,
216.1,218.2,
230.7,218.4,
216.6,218.5,
202.3,220.8,
216.7,223.0,
231.3,221.1,
231.6,223.4,
231.9,225.7,
217.7,227.9,
232.3,226.1,
218.1,224.3,
232.7,222.4,
218.6,224.7,
218.7,222.8,
218.9,227.1,
233.4,225.3,
219.3,225.5,
248.3,227.8,
219.9,230.0,
220.0,228.2,
234.6,230.5,
234.9,228.7,
220.7,231.0,
235.3,233.3,
235.6,233.6,
235.9,233.8,
236.1,236.1,
236.4,236.4,
236.7,234.7,
237.0,234.9,
237.3,235.2,
223.1,235.4,
237.7,233.7,
238.0,231.8,
238.3,230.0,
224.1,232.3,
224.3,230.4,
224.4,230.6,
239.0,228.8,
224.9,231.0,
239.4,233.3,
225.3,237.6,
239.9,237.9,
240.1,240.2,
254.9,240.5,
240.9,242.9,
241.1,243.2,
241.4,245.5,
241.7,241.7,
242.0,242.0,
256.7,244.4,
228.3,246.7,
242.9,249.1,
257.6,249.5,
258.0,245.7,
258.4,248.1,
244.4,250.4,
230.3,248.7,
244.9,247.0,
259.6,245.2,
245.6,247.6,
245.9,252.0,
246.1,254.4,
260.9,252.7,
261.3,257.2,
261.7,257.6,
247.7,258.0,
276.9,258.4,
248.6,258.8,
248.9,257.1,
263.6,259.5,
264.0,253.7,
250.0,252.0,
264.7,252.3,
236.3,250.5,
236.4,250.8,
251.0,253.2,
251.3,251.4,
266.0,253.8,
266.4,258.2,
252.4,262.7,
252.7,265.1,
267.4,263.4,
282.3,263.8,
268.4,268.3,
254.4,272.9,
269.1,275.4,
284.0,275.9,
284.6,276.4,
285.1,281.0,
285.7,283.6,
271.9,282.1,
286.7,280.6,
287.3,281.1,
273.4,277.5,
273.9,275.9,
288.7,274.3,
260.4,272.6,
260.7,273.0,
275.4,273.4,
275.9,273.9,
276.3,278.4,
276.7,285.0,
291.6,285.5,
292.1,286.0,
307.1,286.6,
279.0,289.1,
279.4,285.5,
279.9,281.9,
294.7,278.2,
266.4,280.7,
266.7,281.1,
281.4,285.7,
296.3,286.1,
282.4,290.7,
311.7,297.4,
298.0,302.1,
298.6,302.7,
313.6,305.4,
314.3,301.9,
300.6,300.4,
301.1,301.0,
287.3,299.5,
287.7,296.0,
302.6,298.5,
303.1,301.1,
289.3,303.7,
318.6,308.4,
319.3,311.1,
305.6,311.7,
320.6,316.5,
321.3,311.0,
307.6,307.5,
322.6,310.1,
280.0,308.6,
294.7,305.1,
324.0,307.7,
310.3,306.2,
296.4,317.0,
325.7,323.8,
312.0,322.4,
355.9,325.2,
342.4,330.0,
314.4,326.6,
329.4,329.4,
330.1,323.9,
302.0,322.5,
331.3,323.1,
317.6,321.7,
332.6,324.4,
318.9,331.2,
319.4,329.8,
348.9,330.5,
349.7,327.0,
321.7,333.9,
322.3,338.7,
308.4,337.3,
366.6,336.0,
353.1,340.8,
339.6,345.7,
340.3,354.7,
355.4,349.4,
356.3,348.1,
371.6,348.9,
329.3,349.7,
344.3,350.4,
345.0,353.3,
345.7,352.0,
360.9,359.0,
376.1,363.9,
362.7,368.9,
378.0,374.0,
379.0,374.9,
380.0,373.8,
381.0,372.7,
367.6,371.6,
368.4,368.3,
354.9,367.1,
370.0,363.8,
356.4,364.6,
371.6,361.3,
358.0,366.2,
373.1,367.0,
345.1,369.8,
389.0,370.7,
375.6,375.6,
376.4,376.4,
377.3,383.5,
392.6,380.3,
379.1,383.2,
394.4,388.2,
366.6,389.2,
396.1,390.1,
411.6,391.1,
383.9,392.0,
399.1,399.1,
385.7,398.1,
401.0,392.9,
416.4,395.8,
388.7,396.8,
375.1,399.8,
404.7,398.7,
405.7,397.6,
406.7,398.5,
393.3,401.4,
408.6,402.4,
395.1,403.3,
396.0,404.3,
411.3,407.3,
412.3,412.3,
413.3,413.3,
414.3,418.5,
444.1,419.5,
402.1,418.5,
431.9,423.6,
418.6,428.8,
405.1,419.6,
449.3,424.7,
450.6,427.8,
379.7,431.0,
438.0,436.2,
453.6,431.1,
440.4,428.0,
441.6,439.4,
413.9,444.6,
429.1,443.7,
459.0,442.8,
474.7,443.9,
447.3,453.3,
434.0,456.6,
449.4,455.7,
479.4,448.7,
452.0,449.8,
453.1,455.0,
425.4,456.2,
455.1,449.1,
470.7,454.3,
457.6,455.4,
429.9,464.8,
488.4,468.1,
461.0,467.2,
491.0,470.5,
478.0,480.0,
464.9,477.2,
480.4,478.4,
496.1,473.5,
468.7,472.7,
469.9,473.8,
456.6,470.9,
472.0,470.0,
473.1,469.0,
459.9,474.3,
489.7,483.7,
462.1,484.9,
506.4,490.2,
522.3,499.7,
480.6,499.0,
510.6,504.5,
526.4,505.8,
484.7,501.0,
500.3,506.4,
516.0,505.7,
488.6,502.9,
518.6,504.2,
505.6,505.5,
506.9,504.7,
493.7,508.1,
509.3,505.2,
510.6,504.4,
511.9,505.6,
498.7,508.9,
499.9,510.2,
515.4,505.2,
516.7,506.4,
518.0,507.6,
476.0,510.8,
520.1,512.0,
507.0,515.3,
522.6,514.5,
523.9,523.9,
539.6,523.1,
512.1,526.5,
542.1,525.7,
514.7,522.8,
530.3,522.0,
517.1,525.3,
503.9,522.4,
533.7,525.6,
535.0,526.8,
521.9,528.0,
537.4,533.3,
538.7,530.5,
525.6,529.6,
541.1,532.9,
513.6,532.0,
529.0,527.0,
544.6,528.1,
531.4,527.2,
503.7,526.2,
533.4,525.2,
534.6,522.2,
506.9,517.0,
522.1,522.1,
523.1,521.0,
495.3,513.8,
539.3,516.7,
526.0,517.7,
483.7,512.4,
527.6,515.3,
528.6,512.1,
486.3,506.7,
515.7,511.6,
516.6,510.4,
488.6,502.9,
518.0,505.7,
518.9,504.4,
476.4,498.9,
505.7,501.6,
506.4,500.2,
478.3,492.6,
507.6,495.3,
508.3,493.8,
465.7,488.2,
494.9,486.6,
495.4,478.9,
467.1,471.0,
467.4,469.3,
453.3,463.4,
453.4,455.4,
453.6,451.5,
453.7,449.5,
439.4,449.6,
439.4,445.6,
453.9,441.6,
454.0,437.4,
425.3,433.3,
425.1,431.2,
425.0,424.9,
410.4,416.5,
424.6,416.3,
410.0,414.0,
395.3,407.6,
423.7,403.2,
409.1,396.6,
380.0,390.0,
379.4,385.4,
378.9,376.7,
363.9,367.9,
363.1,367.2,
362.4,366.5,
347.3,359.7,
375.3,356.9,
374.7,356.1,
330.9,349.2,
344.3,348.3,
357.9,339.3,
313.9,328.1,
341.6,327.1,
311.9,319.9,
296.3,308.5,
323.9,303.2,
294.0,293.8,
278.3,288.4,
276.9,285.0,
275.4,279.5,
274.0,278.1,
272.6,276.8,
285.6,277.4,
284.3,274.0,
268.6,268.5,
281.6,262.9,
251.4,253.2,
235.4,243.4,
233.7,237.7,
217.6,223.6,
215.7,219.8,
228.3,218.0,
183.3,214.1,
224.4,206.1,
222.7,200.0,
206.6,187.8,
161.4,185.8,
173.6,177.5,
142.6,165.1,
169.0,156.7,
166.9,158.6,
135.9,154.3,
147.9,156.2,
174.4,151.9,
143.6,143.5,
155.7,141.2,
139.1,136.9,
108.0,124.3,
119.9,117.7,
117.4,109.1,
86.1,100.4,
97.9,95.8,,
95.3,89.1,,
78.3,82.3,,
75.6,79.6,,
72.9,72.8,,
70.1,66.0,,
67.4,61.2,,
50.3,56.3,,
47.4,51.5,,
44.6,44.6,,
41.7,39.6,,
38.9,36.8,,
21.6,29.8,,
33.0,28.9,,
30.1,26.0,,
-1.6,21.0,,
38.6,16.1,,
21.4,11.1,,
4.1,8.1,,,,,
-13.3,9.3,,,
-2.0,0.2,,,
9.4,-9.0,,,,
6.6,-14.1,,,
-25.1,-13.0,
-42.7,-18.1,
-31.6,-25.3,
-5.9,-30.4,
-37.6,-31.5,
-40.7,-26.3,
-29.4,-25.2,
-32.4,-30.2,
-6.6,-29.1,
-23.7,-32.0,
-41.0,-32.9,
-29.6,-35.8,
-61.3,-44.9,
-35.6,-49.9,
-52.9,-52.9,
-70.3,-58.0,
-59.0,-54.8,
-62.0,-59.9,
-65.0,-58.7,
-39.1,-55.5,
-70.7,-56.3,
-44.9,-57.1,
-47.6,-55.8,
-64.7,-58.6,
-67.6,-59.3,
-56.0,-66.2,
-58.7,-71.1,
-75.9,-71.9,
-93.1,-70.6,
-81.7,-71.3,
-70.1,-72.0,
-58.4,-70.6,
-61.0,-67.1,
-63.6,-65.6,
-66.1,-64.1,
-68.7,-64.6,
-71.3,-69.2,
-59.4,-73.8,
-61.9,-74.3,
-93.1,-74.8,
-95.9,-77.3,
-69.7,-81.9,
-72.1,-86.5,
-89.0,-82.9,
-91.6,-81.3,
-94.1,-81.7,
-67.9,-82.1,
-84.6,-78.3,
-72.6,-76.6,
-74.9,-74.8,
-62.7,-77.1,
-79.3,-75.2,
-81.6,-77.5,
-83.9,-77.7,
-71.7,-79.9,
-88.3,-80.0,
-76.1,-78.1,
-78.3,-76.2,
-80.4,-78.3,
-68.1,-78.3,
-70.1,-76.3,
-86.6,-76.3,
-88.7,-74.2,
-62.0,-76.2,
-78.3,-76.2,
-65.9,-72.0,
-82.1,-67.7,
-69.7,-67.5,
-57.1,-67.3,
-58.9,-67.0,
-60.6,-64.7,
-76.7,-64.4,
-64.1,-66.1,
-65.9,-65.8,
-67.6,-67.5,
-69.3,-63.1,
-56.6,-60.6,
-72.6,-56.0,
-45.4,-53.4,
-46.9,-48.8,
-33.9,-44.0,
-49.6,-41.3,
-36.6,-40.6,
-23.4,-39.9,
-53.4,-41.2,
-40.4,-38.3,
-41.7,-37.6,
-43.0,-42.9,
-29.9,-38.0,
-31.0,-37.2,
-61.0,-36.3,
-19.1,-35.4,
-34.6,-34.6,
-35.7,-33.6,
-36.9,-26.5,
-23.6,-27.6,
-24.6,-26.5,
-11.1,-25.5,
-26.4,-22.4,
-27.4,-23.3,
-28.4,-26.3,
-15.0,-31.4,
-30.3,-32.5,
-45.7,-31.4,
-46.9,-30.4,
-33.6,-31.3,
-20.1,-30.3,
-21.0,-25.0,
-21.9,-21.8,
-22.7,-22.7,
-9.1,-21.5,
-24.3,-24.4,
-39.6,-25.2,
-11.7,-28.1,
-41.3,-29.0,
-27.9,-25.8,
-43.1,-16.3,
-15.3,-17.0,
-1.6,-9.5,,
26.7,-8.1,,
-16.9,-2.6,,
11.3,-5.2,,
-18.0,-7.9,,
-4.3,-16.7,
-33.7,-17.4,
-20.1,-20.2,
-35.3,-18.8,
-21.7,-19.5,
-8.0,-14.0,
-8.6,-14.7,
-9.1,-13.2,
4.7,-11.8,,,
-24.6,-12.4,
-25.3,-13.0,
-11.6,-13.6,
-12.1,-16.2,
-12.7,-10.6,
-13.3,-7.1,,
-13.9,-9.6,,
14.4,-10.2,
-0.3,-6.6,,
-29.6,-2.9,,
-15.9,-3.4,,
12.4,-5.9,,
12.1,-4.3,,
-17.0,1.4,,,
-3.1,5.2,,,
10.9,2.8,,,
10.6,0.3,,,
10.3,4.1,,,
-4.4,5.8,,,
-4.9,1.3,,,
9.1,3.0,,,,,
8.9,0.6,,,,,
-20.3,0.2,,,
22.4,1.9,,,
-6.6,1.6,,,
-7.0,-2.9,,
7.0,2.9,,,,,
6.7,-3.6,,,,
-22.4,-1.9,,
20.3,-2.3,,
-23.1,-4.7,,
5.1,-3.0,,,,
-9.6,2.8,,,
-10.0,-1.7,,
18.4,4.2,,,
18.3,3.9,,,
-10.7,7.7,,,
17.7,9.6,,,
3.1,5.2,,,,,
17.3,2.9,,,
2.7,4.7,,,,,
-12.0,4.4,,,
2.0,6.2,,,,,
1.7,3.9,,,,,
15.9,5.7,,,
15.7,7.5,,,
1.1,9.3,,,,,
15.3,11.2,,
0.7,6.9,,,,,
14.9,4.6,,,
14.7,2.3,,,
-14.3,0.0,,,
-0.3,1.7,,,
-15.0,-2.7,,
-1.0,-3.0,,
13.1,2.9,,,
-15.9,2.7,,,
12.6,8.6,,,
26.9,10.5,,
-2.0,10.3,,
26.6,14.3,,
12.1,12.1,,
12.0,9.9,,,
11.9,13.9,,
-2.7,11.7,,
11.4,11.5,,
25.7,11.4,,
11.3,13.3,,
11.1,19.4,,
11.0,19.3,,
25.3,15.1,,
39.7,15.0,,
11.0,12.9,,
-3.6,10.7,,
10.6,8.5,,,
-4.0,0.1,,,
-4.3,1.9,,,
9.9,5.8,,,,,
-19.1,7.7,,,
23.7,15.7,,
23.7,19.8,,
23.7,19.7,,
52.6,25.9,,
24.0,23.8,,
9.6,23.8,,,,
23.9,23.8,,
9.4,17.7,,,,
23.7,19.7,,
23.7,21.7,,
9.3,23.7,,,,
38.0,23.7,,
23.7,21.7,,
38.1,19.6,,
9.4,19.5,,,,
9.3,15.4,,,,
9.1,15.3,,,,
9.0,15.2,,,,
8.9,17.2,,,,
23.1,21.2,,
37.6,25.3,,
23.3,27.4,,
37.7,31.6,,
37.9,33.7,,
23.6,27.7,,
38.0,29.8,,
38.1,27.8,,
-5.0,23.7,,
38.0,23.7,,
23.7,21.6,,
9.3,19.5,,,,
23.6,23.6,,
23.6,21.6,,
23.6,21.5,,
23.6,23.6,,
23.6,23.6,,
23.6,25.6,,
23.6,25.7,,
23.6,25.7,,
38.0,23.6,,
23.7,25.7,,
23.7,29.8,,
9.3,32.0,,,,
38.0,25.9,,
52.6,25.9,,
38.4,28.0,,
-4.7,32.1,,
23.9,28.1,,
38.3,21.9,,
38.4,17.8,,
9.7,26.0,,,,
9.6,28.1,,,,
9.4,28.1,,,,
52.6,26.1,,
38.4,30.2,,
38.6,36.5,,
24.3,42.8,,
38.7,36.8,,
53.3,32.8,,
53.6,30.8,,
10.6,32.9,,
10.4,33.0,,
24.7,29.0,,
39.1,26.9,,
39.3,31.1,,
25.0,37.3,,
39.4,39.5,,
39.6,39.7,,
54.1,37.7,,
40.0,37.9,,
40.1,35.9,,
25.9,36.0,,
25.9,36.1,,
25.9,36.2,,
40.3,36.3,,
54.9,38.5,,
40.7,42.7,,
40.9,45.0,,
41.0,45.1,,
55.6,41.2,,
41.4,37.2,,
41.6,35.3,,
27.3,35.3,,
12.9,33.4,,
27.1,33.4,,
41.6,33.5,,
41.7,33.6,,
41.9,41.9,,
42.0,44.1,,
27.7,44.2,,
71.0,42.3,,
42.6,42.5,,
42.7,44.7,,
28.4,46.9,,
42.9,40.9,,
57.4,43.1,,
43.3,41.2,,
29.0,45.4,,
57.9,45.6,,
29.3,41.6,,
58.1,41.7,,
44.0,43.9,,
29.7,39.9,,
44.1,42.1,,
44.3,38.1,,
30.0,38.2,,
44.4,38.3,,
30.1,40.4,,
44.6,40.5,,
30.3,44.7,,
59.1,49.0,,
45.0,49.2,,
59.6,49.4,,
74.3,53.7,,
31.4,49.8,,
45.9,52.0,,
60.4,50.2,,
31.9,44.2,,
60.7,48.4,,
46.6,48.6,,
32.3,46.7,,
61.1,53.0,,
47.0,49.1,,
47.1,51.3,,
76.1,55.6,,
33.3,51.7,,
62.1,51.9,,
62.4,54.1,,
33.9,48.2,,
48.3,52.4,,
62.9,48.5,,
34.3,46.6,,
63.1,52.9,,
34.6,55.1,,
49.0,53.3,,
78.0,55.5,,
64.0,55.7,,
49.9,58.0,,
50.0,56.1,,
64.6,52.2,,
50.4,50.3,,
36.1,48.4,,
50.6,50.6,,
50.7,46.6,,
36.4,48.8,,
65.3,55.1,,
36.7,55.3,,
65.6,57.5,,
80.3,61.8,,
51.9,60.0,,
66.4,62.3,,
66.7,58.4,,
52.6,52.4,,
52.7,50.5,,
38.4,48.6,,
38.4,48.7,,
38.4,48.8,,
52.9,51.0,,
67.4,57.3,,
53.3,59.5,,
67.9,63.8,,
82.6,66.1,,
54.1,64.3,,
68.7,64.6,,
69.0,62.8,,
54.9,58.9,,
55.0,63.2,,
55.1,63.4,,
55.3,59.5,,
84.3,61.8,,
70.3,64.0,,
41.7,66.3,,
70.6,66.6,,
70.9,60.6,,
71.1,60.8,,
57.0,65.1,,
42.7,59.1,,
71.6,57.2,,
71.9,57.4,,
28.9,57.5,,
57.6,59.7,,
72.1,55.8,,
58.0,53.8,,
58.1,62.2,,
43.9,64.4,,
58.3,60.5,,
87.3,64.8,,
73.3,69.1,,
44.7,73.5,,
88.0,75.8,,
88.4,72.0,,
74.4,68.2,,
74.7,72.5,,
60.6,68.7,,
46.3,62.7,,
75.1,62.9,,
61.0,61.0,,
46.7,63.2,,
75.6,65.4,,
61.4,63.5,,
76.0,63.7,,
61.9,68.0,,
62.0,66.1,,
62.1,66.3,,
76.7,64.4,,
62.6,70.8,,
62.7,73.0,,
62.9,73.3,,
106.3,71.5,,
78.0,71.7,,
63.9,74.0,,
64.0,78.3,,
64.1,70.4,,
78.7,72.7,,
93.4,77.0,,
50.6,81.4,,
93.9,85.8,,
94.3,86.2,,
94.7,78.3,,
95.1,80.6,,
81.1,72.6,,
38.1,64.6,,
66.9,58.5,,
38.1,52.4,,
38.0,48.3,,
52.3,56.5,,
52.3,58.6,,
52.3,64.8,,
95.6,73.2,,
81.6,75.5,,
81.9,79.8,,
96.6,86.3,,
68.1,82.5,,
82.7,82.8,,
97.4,83.0,,
69.0,81.3,,
83.6,83.6,,
83.9,83.9,,
84.1,78.0,,
84.4,80.3,,
84.7,78.4,,
56.1,78.7,,
85.0,76.8,,
70.9,75.0,,
85.4,73.1,,
71.3,77.4,,
71.4,75.5,,
71.6,77.8,,
86.1,73.9,,
72.0,74.0,,
86.6,76.2,,
58.0,76.4,,
72.4,78.7,,
87.0,83.0,,
72.9,79.1,,
101.9,83.4,,
102.3,83.7,,
59.4,83.9,,
88.3,86.2,,
74.1,82.4,,
88.7,76.4,,
89.0,82.8,,
74.9,83.0,,
60.6,85.3,,
103.9,83.5,,
89.9,79.6,,
90.1,79.8,,
76.0,84.1,,
61.7,80.2,,
76.1,76.2,,
90.7,74.3,,
76.6,76.5,,
62.3,80.8,,
76.7,80.9,,
91.3,79.1,,
91.6,81.3,,
77.4,85.6,,
77.6,87.9,,
92.1,86.1,,
92.4,88.3,,
92.7,90.7,,
78.6,93.0,,
107.6,89.1,,
93.6,87.3,,
93.9,85.5,,
65.3,87.8,,
79.7,81.8,,
79.9,79.9,,
94.4,78.0,,
65.9,84.3,,
80.3,86.5,,
80.4,88.8,,
109.4,84.9,,
95.4,89.2,,
95.7,91.5,,
67.1,91.7,,
96.0,87.9,,
96.3,88.1,,
82.1,88.3,,
82.3,94.7,,
96.9,94.9,,
97.1,93.1,,
111.9,93.4,,
97.9,93.6,,
83.7,91.8,,
83.9,90.0,,
84.0,81.9,,
84.1,77.9,,
84.3,78.0,,
55.6,80.1,,
69.9,80.2,,
84.3,82.4,,
98.9,80.5,,
84.7,86.8,,
99.3,93.1,,
70.7,95.4,,
99.6,95.6,,
114.3,97.9,,
100.3,98.2,,
100.6,106.7,
100.9,107.1,
101.1,103.3,
130.3,99.5,,
102.0,99.7,,
87.9,97.9,,
73.6,94.1,,
102.4,84.0,,
88.3,84.1,,
74.0,84.2,,
59.6,90.4,,
102.7,86.5,,
88.6,90.7,,
117.6,95.0,,
74.7,101.4,
118.0,99.6,,
104.0,99.9,,
104.3,93.9,,
90.1,100.3,
90.3,92.3,,
76.0,90.4,,
119.3,88.5,,
62.0,88.6,,
90.7,88.7,,
90.9,93.0,,
91.0,86.9,,
91.1,93.2,,
105.7,95.4,,
77.1,97.7,,
106.0,100.0,
106.3,100.2,
106.6,96.3,,
106.9,96.5,,
92.7,96.7,,
78.4,94.8,,
78.4,92.9,,
107.3,88.9,,
93.1,91.1,,
93.3,95.3,,
79.0,101.7,
107.9,99.8,,
108.1,100.0,
122.9,100.2,
94.4,104.6,
94.6,102.7,
94.7,103.0,
109.3,99.1,,
95.1,97.2,,
109.7,97.3,,
95.6,97.5,,
81.3,97.7,,
95.7,99.9,,
95.9,98.0,,
110.4,98.2,,
110.7,104.5,
96.6,106.8,
96.7,107.1,
125.7,105.2,
111.7,103.4,
97.6,103.6,
97.7,103.8,
97.9,97.8,,
98.0,95.9,,
98.1,96.0,,
83.9,98.2,,
98.3,100.4,
98.4,102.7,
113.0,104.9,
113.3,109.2,
113.6,109.5,
113.9,113.8,
114.1,110.0,
100.0,106.1,
129.0,102.2,
86.1,100.3,
86.1,100.4,
86.1,102.7,
100.6,98.7,,
115.1,102.9,
115.4,107.2,
101.3,111.6,
115.9,109.7,
116.1,105.8,
116.4,104.0,
87.9,104.1,
87.9,102.2,
102.3,100.3,
102.4,100.4,
102.6,106.7,
102.7,111.0,
117.3,109.2,
132.0,109.4,
118.0,109.6,
89.4,109.8,
103.9,110.0,
104.0,106.1,
104.1,104.2,
118.7,110.5,
104.6,110.7,
104.7,110.9,
133.7,113.2,
105.3,109.3,
105.4,109.5,
120.0,109.7,
91.4,105.7,
105.9,105.9,
106.0,108.1,
106.1,108.2,
106.3,110.5,
120.9,108.6,
121.1,112.9,
107.0,111.0,
92.7,113.3,
136.0,111.4,
93.1,109.5,
122.0,109.7,
107.9,116.0,
108.0,108.0,
108.1,112.3,
137.1,110.4,
79.9,110.6,
123.0,108.7,
108.9,110.9,
109.0,106.9,
94.7,111.2,
123.6,111.3,
109.4,113.6,
109.6,115.8,
124.1,118.1,
124.4,114.2,
124.7,114.3,
110.6,114.5,
96.3,110.6,
110.7,104.6,
110.9,102.6,
96.6,102.6,
82.1,106.8,
110.9,106.9,
111.0,109.1,
125.6,113.3,
111.4,121.7,
126.0,119.9,
126.3,122.2,
141.0,120.4,
98.1,120.6,
127.0,120.8,
112.9,119.0,
113.0,117.1,
127.6,123.5,
113.4,121.7,
128.0,124.0,
142.7,126.3,
114.3,126.6,
128.9,124.8,
129.1,122.9,
129.4,117.0,
100.9,119.2,
115.3,115.3,
101.0,113.3,
129.9,109.3,
101.3,113.6,
115.7,113.7,
101.4,120.0,
130.3,116.0,
116.1,122.4,
145.1,124.6,
102.3,126.9,
145.6,125.1,
131.6,127.4,
117.4,123.5,
117.6,127.8,
132.1,121.9,
118.0,120.0,
132.6,122.2,
104.0,126.6,
118.4,124.7,
133.0,124.9,
147.7,125.1,
119.3,131.5,
119.4,133.8,
134.0,132.1,
148.7,128.2,
134.7,128.4,
120.6,128.7,
120.7,126.8,
120.9,122.9,
121.0,121.0,
121.1,121.1,
121.3,121.3,
121.4,121.4,
121.6,121.6,
121.7,121.7,
121.9,119.8,
122.0,119.9,
122.1,122.1,
107.9,122.2,
122.3,122.4,
136.9,124.6,
122.7,126.8,
122.9,131.1,
137.4,133.4,
137.7,131.6,
138.0,133.9,
138.3,134.1,
124.1,134.4,
138.7,130.5,
124.6,130.7,
139.1,128.8,
110.6,129.0,
139.4,127.1,
125.3,131.4,
125.4,127.5,
125.6,133.9,
154.6,134.1,
111.7,132.2,
155.0,134.5,
141.0,136.8,
112.4,132.9,
141.3,137.2,
141.6,131.3,
127.4,129.4,
142.0,135.8,
113.4,136.0,
127.9,132.1,
156.9,132.3,
142.9,132.5,
114.3,136.8,
128.7,137.0,
143.3,133.1,
143.6,131.2,
129.4,137.6,
129.6,137.8,
129.7,136.0,
158.7,134.1,
130.3,132.2,
130.4,132.4,
130.6,134.6,
116.3,130.7,
130.7,130.8,
145.3,128.9,
131.1,133.1,
131.3,139.5,
117.0,143.8,
160.3,140.0,
160.7,142.3,
161.1,146.6,
118.3,153.1,
147.1,147.3,
161.9,143.4,
162.3,137.5,
119.4,143.9,
133.9,140.0,
119.6,136.1,
162.9,134.2,
120.0,140.5,
134.4,140.7,
149.0,147.1,
163.7,145.3,
135.3,149.7,
164.3,149.9,
150.3,146.1,
150.6,142.2,
136.4,144.5,
122.1,140.6,
136.6,138.7,
151.1,136.8,
137.0,141.1,
137.1,147.4,
137.3,151.8,
166.3,154.2,
166.7,158.6,
167.1,158.9,
167.6,165.5,
168.0,163.8,
139.6,162.1,
183.0,158.4,
154.7,154.6,
155.0,150.8,
140.9,153.1,
141.0,149.2,
141.1,147.4,
155.7,145.5,
156.0,145.7,
141.9,150.0,
142.0,150.2,
142.1,150.4,
171.1,148.6,
142.7,150.9,
157.3,151.1,
143.1,155.4,
157.7,149.5,
143.6,151.8,
172.6,154.1,
129.7,156.4,
158.6,154.6,
173.3,159.0,
159.3,157.2,
145.1,161.6,
174.1,161.9,
160.1,158.1,
160.4,158.3,
160.7,162.7,
146.6,161.0,
161.1,161.2,
175.9,163.6,
161.9,166.0,
162.1,168.3,
176.9,166.6,
177.3,167.0,
163.3,167.3,
149.1,167.6,
178.1,167.9,
164.1,162.1,
164.4,164.4,
179.1,168.8,
136.3,163.0,
179.6,163.2,
180.0,161.4,
137.1,157.6,
166.0,163.9,
151.9,160.1,
152.0,156.2,
181.0,160.5,
152.6,160.7,
152.7,165.1,
167.3,165.3,
167.6,163.5,
182.3,165.8,
153.9,170.2,
168.4,170.5,
168.7,168.8,
183.4,164.9,
169.4,167.2,
155.3,165.4,
155.4,165.7,
170.0,161.8,
155.9,160.0,
170.4,162.2,
156.3,164.5,
156.4,162.6,
171.0,164.9,
171.3,163.1,
157.1,163.3,
171.7,165.5,
157.6,163.7,
157.7,159.8,
172.3,162.0,
158.1,158.1,
143.9,156.1,
172.7,154.2,
144.1,150.2,
144.1,150.2,
144.1,150.3,
144.1,146.2,
158.6,148.3,
144.3,148.4,
144.3,150.5,
158.7,152.6,
144.4,150.6,
158.9,152.7,
159.0,152.8,
144.7,152.9,
159.1,155.0,
144.9,155.1,
159.3,155.2,
159.4,155.3,
159.6,155.4,
159.7,157.6,
145.4,155.7,
159.9,155.8,
160.0,155.9,
145.7,156.0,
160.1,158.1,
160.3,156.2,
160.4,156.3,
160.6,160.5,
146.3,160.7,
160.7,160.8,
175.3,158.9,
161.1,157.0,
161.3,159.1,
147.0,159.2,
147.0,155.2,
161.4,153.3,
161.6,149.2,
147.3,149.2,
147.3,153.4,
132.9,151.4,
147.1,147.3,
176.0,147.3,
147.4,147.3,
133.0,151.4,
147.3,155.6,
147.3,151.5,
161.7,153.6,
176.3,157.8,
147.7,157.9,
162.1,162.1,
162.3,158.2,
148.0,154.1,
176.9,156.3,
133.9,156.3,
148.1,154.4,
162.6,156.5,
162.7,152.4,
148.4,158.7,
162.9,158.8,
148.6,156.8,
177.4,154.8,
148.9,159.0,
148.9,157.1,
148.9,159.2,
177.7,157.2,
149.1,159.4,
163.6,161.6,
163.7,161.7,
163.9,157.7,
164.0,159.8,
149.7,157.9,
149.7,157.9,
164.1,153.9,
149.9,151.9,
164.3,156.0,
135.6,156.1,
149.9,156.1,
178.7,156.2,
150.1,154.2,
164.6,160.4,
150.3,162.6,
150.3,158.6,
179.1,160.7,
165.0,158.8,
150.7,163.0,
165.1,165.2,
150.9,163.2,
179.7,159.2,
165.6,159.3,
165.7,159.4,
137.0,159.5,
151.3,153.4,
165.7,151.3,
151.4,149.3,
137.0,157.5,
151.3,159.6,
151.3,159.7,
194.6,161.9,
166.1,168.1,
166.3,172.4,
166.4,174.7,
181.0,168.7,
181.3,171.0,
167.1,169.1,
152.9,171.3,
181.7,165.3,
153.1,157.2,
182.0,157.2,
139.0,157.3,
124.4,149.1,
167.4,149.0,
153.1,144.9,
124.3,148.9,
152.9,157.1,
152.9,155.1,
167.3,155.1,
181.9,159.2,
153.3,161.4,
153.3,161.4,
153.3,163.6,
167.7,157.5,
153.4,157.6,
182.3,157.6,
139.3,163.8,
153.6,163.9,
153.6,164.0,
196.9,160.0,
168.4,164.2,
154.1,164.3,
154.1,170.6,
168.6,164.6,
154.3,162.6,
197.6,164.0,
154.7,166.0,
154.7,165.3,